[
{
  "model": "burnoe_app.contact",
  "pk": 1,
  "fields": {
    "name": "\u0414\u0430\u0443\u043b\u0435\u0442 \u0442\u0430\u043a\u0441\u0438",
    "price": "300 \u0442\u0433",
    "phone": "+77471126303",
    "created_date": "2020-05-08T04:46:12.539Z",
    "modified_date": "2020-05-29T06:45:48.935Z",
    "last_date": "2020-07-25T04:45:47Z"
  }
},
{
  "model": "burnoe_app.contact",
  "pk": 2,
  "fields": {
    "name": "\u0414\u0430\u0443\u043b\u0435\u0442 PS4",
    "price": "\u043e\u0442 1500 \u0442\u0433",
    "phone": "8 (747) 112 6303",
    "created_date": "2020-05-08T04:46:29.668Z",
    "modified_date": "2020-05-29T06:45:44.519Z",
    "last_date": "2020-07-26T04:46:13Z"
  }
},
{
  "model": "burnoe_app.contact",
  "pk": 3,
  "fields": {
    "name": "\u041f\u0440\u043e\u043a\u0430\u0442 \u0441\u0442\u043e\u043b\u043e\u0432,",
    "price": "\u0441\u0442\u0443\u043b\u044c\u0435\u0432, \u043f\u043e\u0441\u0443\u0434\u044b",
    "phone": "8 (747) 112 6303",
    "created_date": "2020-05-08T04:46:53.904Z",
    "modified_date": "2020-05-29T06:45:40.083Z",
    "last_date": "2020-07-27T04:46:30Z"
  }
},
{
  "model": "burnoe_app.contact",
  "pk": 4,
  "fields": {
    "name": "\u0413\u0430\u0437\u0435\u043b\u044c",
    "price": "\u043f\u0435\u0440\u0435\u0432\u043e\u0437\u043a\u0430 \u0442\u043e\u0432\u0430\u0440\u043e\u0432",
    "phone": "8 (747) 112 6303",
    "created_date": "2020-05-08T04:47:24.780Z",
    "modified_date": "2020-05-29T06:45:35.211Z",
    "last_date": "2020-07-28T04:46:54Z"
  }
},
{
  "model": "burnoe_app.contact",
  "pk": 5,
  "fields": {
    "name": "\u0411\u0430\u043d\u044f \u21161",
    "price": "\u0432\u0437\u0440\u043e\u0441\u043b\u044b\u0435: 350 \u0442\u0433",
    "phone": "8 747 112 6303",
    "created_date": "2020-05-08T04:47:39.322Z",
    "modified_date": "2020-05-29T05:20:55.825Z",
    "last_date": "2021-05-29T04:47:25Z"
  }
},
{
  "model": "burnoe_app.contact",
  "pk": 6,
  "fields": {
    "name": "\u0410\u043a\u043d\u0438\u0435\u0442 \u0442\u0430\u043a\u0441\u0438",
    "price": "300 \u0442\u0433",
    "phone": "+7 (747) 112 63 0",
    "created_date": "2020-05-08T04:48:57.453Z",
    "modified_date": "2020-05-29T05:20:52.766Z",
    "last_date": "2021-05-30T04:47:39Z"
  }
},
{
  "model": "burnoe_app.contact",
  "pk": 7,
  "fields": {
    "name": "\u0414\u043e\u0441\u0442\u0430\u0432\u043a\u0430 \u043f\u0438\u0446\u0446\u044b",
    "price": "\u043e\u0442 1500 \u0442\u0433",
    "phone": "8 747 112 6303",
    "created_date": "2020-05-08T04:49:22.195Z",
    "modified_date": "2020-05-29T05:20:43.383Z",
    "last_date": "2021-05-25T04:49:05Z"
  }
},
{
  "model": "burnoe_app.contact",
  "pk": 8,
  "fields": {
    "name": "\u0421\u0443\u0448\u0438 \u0438 \u0440\u043e\u043b\u043b\u044b",
    "price": "\u0434\u043e\u0441\u0442\u0430\u0432\u043a\u0430 \u043e\u0442 3000",
    "phone": "8 747 112 6303",
    "created_date": "2020-05-08T04:50:15.243Z",
    "modified_date": "2020-05-29T05:20:48.077Z",
    "last_date": "2021-05-29T04:49:22Z"
  }
},
{
  "model": "burnoe_app.news",
  "pk": 1,
  "fields": {
    "title": "\u04e8\u0437\u0431\u0435\u043a\u0441\u0442\u0430\u043d\u0434\u0430 \u0421\u0430\u0440\u0434\u043e\u0431\u0430 \u0441\u0443 \u049b\u043e\u0439\u043c\u0430\u0441\u044b \u0436\u0430\u0440\u044b\u043b\u044b\u043f, \u043a\u0435\u0439\u0456\u043d \u043e\u043d\u044b\u04a3 \u0441\u0443\u044b \u049a\u0430\u0437\u0430\u049b\u0441\u0442\u0430\u043d\u043d\u044b\u04a3 \u0430\u0443",
    "link": "https://www.instagram.com/p/B_3ATaYDba8/?utm_source=ig_web_copy_link",
    "created_date": "2020-05-08T04:51:58.630Z",
    "modified_date": "2020-05-08T04:51:58.631Z"
  }
},
{
  "model": "burnoe_app.news",
  "pk": 2,
  "fields": {
    "title": "\u041d\u043e\u0432\u044b\u0439 iPhone SE (2020) \u0432 \u043f\u0440\u043e\u0434\u0430\u0436\u0435 \u0441 15 \u043c\u0430\u044f!",
    "link": "https://www.instagram.com/p/B_1bUTvpNsd/?utm_source=ig_web_copy_link",
    "created_date": "2020-05-08T04:52:08.005Z",
    "modified_date": "2020-05-08T04:52:08.005Z"
  }
},
{
  "model": "burnoe_app.news",
  "pk": 3,
  "fields": {
    "title": "\u00ab\u0411\u04d9\u0440\u0456 \u0434\u0435 \u043c\u0430\u0439\u0434\u0430\u043d\u00bb \u0448\u044b\u0493\u0430\u0440\u043c\u0430\u0441\u044b\u043d\u044b\u04a3 \u0436\u0435\u043b\u0456\u0441\u0456\u043c\u0435\u043d",
    "link": "https://www.instagram.com/p/B_1UP-pBSlP/?utm_source=ig_web_copy_link",
    "created_date": "2020-05-08T04:52:18.284Z",
    "modified_date": "2020-05-08T04:52:18.284Z"
  }
},
{
  "model": "burnoe_app.news",
  "pk": 4,
  "fields": {
    "title": "\u0421\u043c\u0430\u0440\u0442\u0444\u043e\u043d\u044b HUAWEI \u0441\u0435\u0440\u0438\u0438 P40 \u043e\u0442\u043a\u0440\u043e\u044e\u0442 \u0434\u043b\u044f \u0432\u0430\u0441 \u043d\u043e\u0432\u044b\u0435 \u0432\u043e\u0437\u043c\u043e\u0436\u043d\u043e\u0441\u0442\u0438 \u043c\u043e\u0431\u0438\u043b\u044c\u043d\u044b\u0445",
    "link": "https://www.instagram.com/p/B_1mvcyHTo7/?utm_source=ig_web_copy_link",
    "created_date": "2020-05-08T04:52:31.156Z",
    "modified_date": "2020-05-08T04:52:31.156Z"
  }
},
{
  "model": "burnoe_app.news",
  "pk": 5,
  "fields": {
    "title": "\u0414\u0440\u0443\u0437\u044c\u044f, \u043d\u0435 \u0437\u0430\u0431\u044b\u0432\u0430\u0435\u043c, \u0447\u0442\u043e \u0443 Neupusti \u0435\u0441\u0442\u044c \u0441\u0432\u043e\u0438\u0306 Telegram \u043a\u0430\u043d\u0430\u043b \ud83e\udd29",
    "link": "https://www.instagram.com/p/B_1UP-pBSlP/?utm_source=ig_web_copy_link",
    "created_date": "2020-05-08T04:52:45.036Z",
    "modified_date": "2020-05-08T04:52:45.036Z"
  }
},
{
  "model": "burnoe_app.news",
  "pk": 6,
  "fields": {
    "title": "\u041a\u0430\u0437\u0430\u0445\u0441\u0442\u0430\u043d\u0446\u044b \u043c\u043e\u0433\u0443\u0442 \u043f\u043e\u043b\u0443\u0447\u0438\u0442\u044c \u0441\u0432\u0435\u0434\u0435\u043d\u0438\u044f \u043e \u0437\u0435\u043c\u0435\u043b\u044c\u043d\u044b\u0445 \u0443\u0447\u0430\u0441\u0442\u043a\u0430\u0445",
    "link": "https://www.instagram.com/p/B_1obwRpbT5/?utm_source=ig_web_copy_link",
    "created_date": "2020-05-08T04:52:57.057Z",
    "modified_date": "2020-05-08T04:52:57.057Z"
  }
},
{
  "model": "burnoe_app.news",
  "pk": 7,
  "fields": {
    "title": "\u041f\u0430\u0440\u043e\u0432\u044b\u0435 \u0443\u0442\u044e\u0433\u0438 Braun \u0441\u043e \u0441\u043a\u0438\u0434\u043a\u043e\u0439 \u0434\u043e 18% \u0442\u043e\u043b\u044c\u043a\u043e \u0434\u043e 18 \u043c\u0430\u044f!",
    "link": "https://www.instagram.com/p/B_15bhBJSvN/?utm_source=ig_web_copy_link",
    "created_date": "2020-05-08T04:53:06.460Z",
    "modified_date": "2020-05-08T04:53:06.460Z"
  }
},
{
  "model": "burnoe_app.news",
  "pk": 8,
  "fields": {
    "title": "\u041c\u0435\u0440\u0435\u043a\u0435 \u043a\u04af\u043d\u0434\u0435\u0440\u0456\u043d \u00abEl Arna\u00bb \u0430\u0440\u043d\u0430\u0441\u044b\u043c\u0435\u043d \u0431\u0456\u0440\u0433\u0435 \u04e9\u0442\u043a\u0456\u0437\u0456\u04a3\u0456\u0437!",
    "link": "https://www.instagram.com/p/B_1mvcyHTo7/?utm_source=ig_web_copy_link",
    "created_date": "2020-05-08T04:53:15.598Z",
    "modified_date": "2020-05-08T04:53:15.599Z"
  }
},
{
  "model": "burnoe_app.event",
  "pk": 1,
  "fields": {
    "name1": "\u041a\u043e\u043d\u0446\u0435\u0440\u0442",
    "name2": "\u049a\u0430\u0439\u0440\u0430\u0442 \u041d\u04b1\u0440\u0442\u0430\u0441",
    "link": "https://instagram.com",
    "last_date": "2020-05-25T10:35:03Z",
    "photo": "image/upload/v1589366828/rgaxmmm8q7ltrro0fngp.jpg",
    "created_date": "2020-05-13T10:35:14.910Z",
    "modified_date": "2020-05-13T10:47:09.894Z"
  }
},
{
  "model": "burnoe_app.event",
  "pk": 2,
  "fields": {
    "name1": "\u0426\u0438\u0440\u043a",
    "name2": "\u0428\u0430\u043f\u0438\u0442\u043e",
    "link": "https://instagram.com",
    "last_date": "2020-05-31T10:35:26Z",
    "photo": "image/upload/v1589366850/vtv4rlc1qbfbegvvqir5.jpg",
    "created_date": "2020-05-13T10:35:26.992Z",
    "modified_date": "2020-05-13T10:47:31.035Z"
  }
},
{
  "model": "burnoe_app.event",
  "pk": 3,
  "fields": {
    "name1": "\u041a\u043e\u043d\u043a\u0443\u0440\u0441",
    "name2": "\u0434\u043b\u044f \u043c\u043e\u043b\u043e\u0434\u0435\u0436\u0438",
    "link": "https://instagram.com",
    "last_date": "2020-05-29T10:35:49Z",
    "photo": "image/upload/v1589366845/mfujq0xbpxc8hw2nync7.jpg",
    "created_date": "2020-05-13T10:35:50.195Z",
    "modified_date": "2020-05-13T10:47:25.725Z"
  }
},
{
  "model": "burnoe_app.event",
  "pk": 4,
  "fields": {
    "name1": "\u0421\u043e\u0431\u0440\u0430\u043d\u0438\u0435",
    "name2": "\u041e\u0442\u0447\u0435\u0442 \u0430\u043a\u0438\u043c\u0430 \u0411\u041c\u0423",
    "link": "https://instagram.com",
    "last_date": "2020-06-11T10:36:14Z",
    "photo": "image/upload/v1589366856/l09eary0hxqngmnzpo8v.jpg",
    "created_date": "2020-05-13T10:36:15.320Z",
    "modified_date": "2020-05-13T10:47:37.090Z"
  }
},
{
  "model": "burnoe_app.event",
  "pk": 5,
  "fields": {
    "name1": "\u041f\u0440\u0438\u0435\u043c \u0434\u043e\u043a\u0443\u043c\u0435\u043d\u0442\u043e\u0432",
    "name2": "\u0434\u043b\u044f \u0431\u0438\u0437\u043d\u0435\u0441 \u0433\u0440\u0430\u043d\u0442\u0430",
    "link": "https://instagram.com",
    "last_date": "2020-05-25T10:36:32Z",
    "photo": "image/upload/v1589366838/ldflvwh7kd5kiyhmzquj.jpg",
    "created_date": "2020-05-13T10:36:37.717Z",
    "modified_date": "2020-05-13T10:47:19.552Z"
  }
},
{
  "model": "burnoe_app.event",
  "pk": 6,
  "fields": {
    "name1": "\u0410\u043a\u0446\u0438\u044f \u043e\u0442 Beeline",
    "name2": "\u0434\u043b\u044f \u0436\u0438\u0442\u0435\u043b\u0435\u0439 \u0416\u0443\u0430\u043b\u044b\u043d\u0441\u043a",
    "link": "https://instagram.com",
    "last_date": "2020-05-16T10:37:44Z",
    "photo": "image/upload/v1589366642/gpbbhvsqjkvpryibiwrk.jpg",
    "created_date": "2020-05-13T10:37:45.757Z",
    "modified_date": "2020-05-13T10:44:03.365Z"
  }
},
{
  "model": "burnoe_app.servicecategory",
  "pk": 1,
  "fields": {
    "name": "\u0420\u0430\u0437\u0432\u043b\u0435\u0447\u0435\u043d\u0438\u0435",
    "order": 15
  }
},
{
  "model": "burnoe_app.servicecategory",
  "pk": 2,
  "fields": {
    "name": "\u041a\u0440\u0430\u0441\u043e\u0442\u0430 \u0438 \u0437\u0434\u043e\u0440\u043e\u0432\u044c\u0435",
    "order": 25
  }
},
{
  "model": "burnoe_app.servicecategory",
  "pk": 3,
  "fields": {
    "name": "\u0411\u044b\u0442\u043e\u0432\u044b\u0435 \u0443\u0441\u043b\u0443\u0433\u0438",
    "order": 60
  }
},
{
  "model": "burnoe_app.servicecategory",
  "pk": 4,
  "fields": {
    "name": "\u0420\u0435\u043c\u043e\u043d\u0442 \u0442\u0435\u0445\u043d\u0438\u043a\u0438",
    "order": 60
  }
},
{
  "model": "burnoe_app.servicecategory",
  "pk": 5,
  "fields": {
    "name": "\u041e\u0431\u0443\u0447\u0435\u043d\u0438\u0435 \u0438 \u043a\u0443\u0440\u0441\u044b",
    "order": 40
  }
},
{
  "model": "burnoe_app.servicecategory",
  "pk": 11,
  "fields": {
    "name": "\u041a\u0430\u0444\u0435 \u0438 \u0441\u0442\u043e\u043b\u043e\u0432\u043e\u0435",
    "order": 10
  }
},
{
  "model": "burnoe_app.servicecategory",
  "pk": 12,
  "fields": {
    "name": "\u0421\u0442\u0440\u043e\u0438\u0442\u0435\u043b\u044c\u0441\u0442\u0432\u043e \u0438 \u0440\u0435\u043c\u043e\u043d\u0442",
    "order": 50
  }
},
{
  "model": "burnoe_app.servicecategory",
  "pk": 13,
  "fields": {
    "name": "\u041f\u0440\u043e\u043a\u0430\u0442 \u0442\u043e\u0432\u0430\u0440\u043e\u0432",
    "order": 40
  }
},
{
  "model": "burnoe_app.servicecategory",
  "pk": 14,
  "fields": {
    "name": "\u0422\u0430\u043a\u0441\u0438 \u0438 \u043f\u0435\u0440\u0435\u0432\u043e\u0437\u043a\u0438",
    "order": 20
  }
},
{
  "model": "burnoe_app.servicecategory",
  "pk": 15,
  "fields": {
    "name": "\u0423\u0441\u043b\u0443\u0433\u0438 \u0434\u043b\u044f \u0430\u0432\u0442\u043e",
    "order": 65
  }
},
{
  "model": "burnoe_app.servicecategory",
  "pk": 16,
  "fields": {
    "name": "\u041c\u0435\u0440\u043e\u043f\u0440\u0438\u044f\u0442\u0438\u0435",
    "order": 60
  }
},
{
  "model": "burnoe_app.servicecategory",
  "pk": 17,
  "fields": {
    "name": "\u0418\u043d\u0442\u0435\u0440\u043d\u0435\u0442 \u0438 \u043a\u043e\u043c\u043f\u044c\u044e\u0442\u0435\u0440",
    "order": 35
  }
},
{
  "model": "burnoe_app.servicecategory",
  "pk": 22,
  "fields": {
    "name": "\u0414\u0440\u0443\u0433\u0438\u0435 \u0443\u0441\u043b\u0443\u0433\u0438",
    "order": 80
  }
},
{
  "model": "burnoe_app.servicecategory",
  "pk": 23,
  "fields": {
    "name": "\u041e\u0442\u0434\u044b\u0445",
    "order": 35
  }
},
{
  "model": "burnoe_app.servicecategory",
  "pk": 24,
  "fields": {
    "name": "\u0424\u043e\u0442\u043e \u0438 \u0432\u0438\u0434\u0435\u043e\u0441\u044a\u0435\u043c\u043a\u0430",
    "order": 50
  }
},
{
  "model": "burnoe_app.service",
  "pk": 1,
  "fields": {
    "title": "\u041a\u043b\u0430\u0441\u0441\u0438\u0447\u0435\u0441\u043a\u0438\u0439 \u043c\u0430\u0441\u0441\u0430\u0436",
    "content": "\u0417\u0434\u0440\u0430\u0432\u0441\u0442\u0432\u0443\u0439\u0442\u0435\r\n\u041f\u0440\u0438\u0433\u043b\u0430\u0448\u0430\u044e \u043d\u0430 \u043c\u0430\u0441\u0441\u0430\u0436 \u043a\u043b\u0430\u0441\u0441\u0438\u0447\u0435\u0441\u043a\u0438\u0439 , \u043e\u0437\u0434\u043e\u0440\u043e\u0432\u0438\u0442\u0435\u043b\u044c\u043d\u044b\u0439 , \u043f\u043e \u0437\u043e\u043d\u0430\u043c , \u0440\u0430\u0441\u0441\u043b\u0430\u0431\u043b\u044f\u044e\u0449\u0438\u0439\r\n\u041a\u0430\u0431\u0438\u043d\u0435\u0442 \u0432 \u0446\u0435\u043d\u0442\u0440\u0435 , \u0441 \u0434\u0443\u0448\u0435\u0432\u043e\u0439\r\n\u0422\u0430\u043a\u0436\u0435 \u043c\u0430\u0441\u0441\u0430\u0436 \u0432 \u0447\u0435\u0442\u044b\u0440\u0435 \u0440\u0443\u043a\u0438 \u0434\u0432\u0430 \u043c\u0430\u0441\u0442\u0435\u0440\u0430",
    "created_date": "2020-05-08T05:52:53.112Z",
    "modified_date": "2020-05-30T04:32:20.796Z",
    "last_date": "2020-06-29T05:43:28Z",
    "contact": "8 777 111 22 33, \u0411\u041c\u0423, \u0411\u043e\u043b\u044c\u043d\u0438\u0446\u0430 \u0436\u0430\u049b\u0442\u0430",
    "category": 2,
    "only": false,
    "elect_date": null
  }
},
{
  "model": "burnoe_app.service",
  "pk": 2,
  "fields": {
    "title": "\u0427\u0430\u0441\u0442\u043d\u0430\u044f \u0431\u0430\u043d\u044f",
    "content": "\u0427\u0430\u0441\u0442\u043d\u0430\u044f \u0441\u0435\u043c\u0435\u0439\u043d\u0430\u044f \u0431\u0430\u043d\u044f 1 \u0447\u0430\u0441 500 \u0442\u0433 \u0434\u0435\u0442\u0441\u043a\u0438\u0439 300 \u0442\u0433",
    "created_date": "2020-05-08T05:53:34.277Z",
    "modified_date": "2020-05-30T04:32:17.272Z",
    "last_date": "2020-06-29T05:53:01Z",
    "contact": "8 777 111 22 33, \u0411\u041c\u0423, \u0410\u0431\u0430\u044f \u21163",
    "category": 2,
    "only": false,
    "elect_date": "2020-06-30T04:28:22Z"
  }
},
{
  "model": "burnoe_app.service",
  "pk": 3,
  "fields": {
    "title": "\u0411\u0430\u043d\u044f \u043d\u0430 \u0437\u0430\u043a\u0430\u0437",
    "content": "\u0411\u0430\u043d\u044f \u043d\u0430 \u0434\u0440\u043e\u0432\u0430\u0445!\r\n\u041e\u0442\u043b\u0438\u0447\u043d\u044b\u0439 \u043f\u0430\u0440!\r\n\u0411\u043e\u043b\u044c\u0448\u043e\u0439 \u043f\u0440\u0435\u0434\u0431\u0430\u043d\u043d\u0438\u043a!\r\n\u0427\u0438\u0441\u0442\u043e \u0438 \u0443\u044e\u0442\u043d\u043e!\r\n\u0420\u0430\u0431\u043e\u0447\u0438\u0435 \u0434\u043d\u0438: \u043f\u044f\u0442\u043d\u0438\u0446\u0430, \u0441\u0443\u0431\u0431\u043e\u0442\u0430, \u0432\u043e\u0441\u043a\u0440\u0435\u0441\u0435\u043d\u044c\u0435.\r\n\u0426\u0435\u043d\u0430: 700 \u0442\u0435\u043d\u0433\u0435/\u0447\u0430\u0441 \u0441 \u0447\u0435\u043b\u043e\u0432\u0435\u043a\u0430 \u0442\u0435\u043d\u0433\u0435\r\n\u0411\u0430\u043d\u044f \u043d\u0430\u0445\u043e\u0434\u0438\u0442\u0441\u044f \u0432 \u0440\u0430\u0439\u043e\u043d\u0435 \u043c\u0435\u0434.\u043a\u043e\u043b\u043b\u0435\u0434\u0436\u0430\r\n\u0422\u0435\u043b\u0435\u0444\u043e\u043d: 87052996669",
    "created_date": "2020-05-08T05:54:36.992Z",
    "modified_date": "2020-05-30T04:32:14.219Z",
    "last_date": "2020-06-29T05:53:39Z",
    "contact": "8 747 112 63 03, \u0411\u041c\u0423, \u0443\u043b. \u0418\u0433\u0438\u043b\u0438\u043a \u211614",
    "category": 2,
    "only": false,
    "elect_date": "2020-06-30T04:28:07Z"
  }
},
{
  "model": "burnoe_app.service",
  "pk": 4,
  "fields": {
    "title": "\u041b\u0435\u0447\u0435\u0431\u043d\u044b\u0439 \u043c\u0430\u0441\u0441\u0430\u0436",
    "content": "\u041b\u0435\u0447\u0435\u0431\u043d\u044b\u0439 \u043c\u0430\u0441\u0441\u0430\u0436 \u041d\u0435 \u0441\u0435\u043a\u0440\u0435\u0442, \u0447\u0442\u043e \u043c\u0430\u0441\u0441\u0430\u0436 \u2013 \u044d\u0442\u043e \u0443\u043d\u0438\u043a\u0430\u043b\u044c\u043d\u0430\u044f \u043f\u0440\u043e\u0446\u0435\u0434\u0443\u0440\u0430 \u043a\u0430\u043a \u043b\u0435\u0447\u0435\u043d\u0438\u044f, \u0442\u0430\u043a \u0438 \u043f\u0440\u043e\u0444\u0438\u043b\u0430\u043a\u0442\u0438\u043a\u0438 \u0440\u0430\u0437\u043b\u0438\u0447\u043d\u044b\u0445 \u0437\u0430\u0431\u043e\u043b\u0435\u0432\u0430\u043d\u0438\u0439. \u041f\u043e\u0440\u043e\u0439 \u0434\u043e\u0441\u0442\u0430\u0442\u043e\u0447\u043d\u043e \u0441\u0434\u0435\u043b\u0430\u0442\u044c \u043c\u0430\u0441\u0441\u0430\u0436, \u0447\u0442\u043e\u0431\u044b \u0438\u0437\u0431\u0430\u0432\u0438\u0442\u044c\u0441\u044f \u043e\u0442 \u0433\u043e\u043b\u043e\u0432\u043d\u043e\u0439 \u0431\u043e\u043b\u0438, \u0445\u0440\u043e\u043d\u0438\u0447\u0435\u0441\u043a\u043e\u0439 \u0443\u0441\u0442\u0430\u043b\u043e\u0441\u0442\u0438, \u043f\u0440\u0435\u043e\u0434\u043e\u043b\u0435\u0442\u044c \u0441\u043a\u043e\u0432\u0430\u043d\u043d\u043e\u0441\u0442\u044c \u0434\u0432\u0438\u0436\u0435\u043d\u0438\u0439 \u0438\u043b\u0438 \u0431\u043e\u043b\u0435\u0437\u043d\u0435\u043d\u043d\u044b\u0435 \u043e\u0449\u0443\u0449\u0435\u043d\u0438\u044f \u0432 \u0441\u043f\u0438\u043d\u0435, \u043a\u043e\u043d\u0435\u0447\u043d\u043e\u0441\u0442\u044f\u0445 \u0438 \u0434\u0440\u0443\u0433\u0438\u0445 \u0447\u0430\u0441\u0442\u044f\u0445 \u0442\u0435\u043b\u0430.",
    "created_date": "2020-05-08T05:55:13.209Z",
    "modified_date": "2020-05-30T04:32:11.041Z",
    "last_date": "2020-06-29T05:54:43Z",
    "contact": "8747 112 6303, \u0443\u043b \u0411.\u0421\u0430\u0444\u0438\u043d\u043e\u0432",
    "category": 2,
    "only": false,
    "elect_date": "2020-06-30T04:28:29Z"
  }
},
{
  "model": "burnoe_app.service",
  "pk": 5,
  "fields": {
    "title": "\u041d\u0430\u0440\u0430\u0449\u0438\u0432\u0430\u043d\u0438\u0435 \u0440\u0435\u0441\u043d\u0438\u0446",
    "content": "\u041d\u0430\u0440\u0430\u0449\u0438\u0432\u0430\u043d\u0438\u0435 \u0440\u0435\u0441\u043d\u0438\u0446 .\r\n\u0410\u0440\u0445\u0438\u0442\u0435\u043a\u0442\u0443\u0440\u0430 \u0431\u0440\u043e\u0432\u0435\u0439(\u043f\u0440\u043e\u0444.\u043a\u0440\u0430\u0441\u0438\u0442\u0435\u043b\u044c, \u0445\u043d\u0430)\r\n\u041b\u0430\u043c\u0438\u043d\u0438\u0440\u043e\u0432\u0430\u043d\u0438\u0435 \u0440\u0435\u0441\u043d\u0438\u0446\r\n\u0414\u043e\u043b\u0433\u043e\u0432\u0440\u0435\u043c\u0435\u043d\u043d\u0430\u044f \u0443\u043a\u043b\u0430\u0434\u043a\u0430 \u0431\u0440\u043e\u0432\u0435\u0439\r\n\u041a\u043e\u043d\u0441\u0443\u043b\u044c\u0442\u0430\u0446\u0438\u044f \u0438 \u0437\u0430\u043f\u0438\u0441\u044c \u043f\u043e \u0442\u0435\u043b.\r\n87077958914 \u0437\u0432\u043e\u043d\u0438\u0442\u044c,\u043f\u0438\u0441\u0430\u0442\u044c \u0434\u043e 18:00",
    "created_date": "2020-05-08T05:55:50.109Z",
    "modified_date": "2020-05-30T04:32:07.577Z",
    "last_date": "2020-06-29T05:55:20Z",
    "contact": "8747 112 6303, \u0443\u043b \u0411.\u0421\u0430\u0444\u0438\u043d\u043e\u0432",
    "category": 2,
    "only": false,
    "elect_date": "2020-06-30T04:28:36Z"
  }
},
{
  "model": "burnoe_app.service",
  "pk": 6,
  "fields": {
    "title": "\u041d\u0430\u0440\u043a\u043e\u043b\u043e\u0433 \u0441 \u0432\u044b\u0435\u0437\u0434\u043e\u043c \u043d\u0430 \u0434\u043e\u043c",
    "content": "\u0412\u0441\u0435 \u0443\u0441\u043b\u0443\u0433\u0438, \u0432\u043a\u043b\u044e\u0447\u0430\u044f \u043a\u043e\u043d\u0441\u0443\u043b\u044c\u0442\u0430\u0446\u0438\u0438 \u0441\u043f\u0435\u0446\u0438\u0430\u043b\u0438\u0441\u0442\u0430, \u043e\u043a\u0430\u0437\u044b\u0432\u0430\u044e\u0442\u0441\u044f 24 \u0447\u0430\u0441\u0430. \u0412\u044b\u0432\u043e\u0434 \u0438\u0437 \u0437\u0430\u043f\u043e\u044f \u043a\u0440\u0443\u0433\u043b\u043e\u0441\u0443\u0442\u043e\u0447\u043d\u043e. \u0410\u043d\u043e\u043d\u0438\u043c\u043d\u043e\u0441\u0442\u044c \u043e\u0431\u0440\u0430\u0449\u0435\u043d\u0438\u044f \u0433\u0430\u0440\u0430\u043d\u0442\u0438\u0440\u0443\u0435\u043c! \u0426\u0435\u043d\u0430: \u0441\u0442\u0430\u043d\u0434\u0430\u0440\u0442\u043d\u0430\u044f \u043e\u0447\u0438\u0449\u0435\u043d\u0438\u0435 15000 \u0442\u0435\u043d\u0433\u0435, \u043f\u0440\u0435\u043c\u0438\u0443\u043c \u043e\u0447\u0438\u0449\u0435\u043d\u0438\u0435 35000 \u0442\u0435\u043d\u0433\u0435. \u041a\u043e\u0434\u0438\u0440\u043e\u0432\u0430\u043d\u0438\u0435 \u043e\u0442 35 \u0442\u044b\u0441.\r\n\u041b\u0438\u0446\u0435\u043d\u0437\u0438\u044f N21446 .",
    "created_date": "2020-05-08T05:56:25.369Z",
    "modified_date": "2020-05-30T04:32:02.894Z",
    "last_date": "2020-06-29T05:55:54Z",
    "contact": "8 777 111 22 33",
    "category": 2,
    "only": false,
    "elect_date": "2020-06-30T04:28:43Z"
  }
},
{
  "model": "burnoe_app.service",
  "pk": 7,
  "fields": {
    "title": "\u041c\u0430\u0441\u0441\u0430\u0436",
    "content": "\u0417\u0412\u041e\u041d\u0418\u0422\u042c 87007211063\r\n\r\n\u0424\u043e\u0442\u043e 100%\r\n\u0418\u043d\u0442\u0438\u043c\u0430 \u043d\u0435\u0442\r\n\u041f\u0440\u043e\u0444\u0438\u0441\u0441\u043e\u043d\u0430\u043b\u044c\u043d\u044b\u0439 \u043c\u0430\u0441\u0441\u0430\u0436 \u043e\u0442 \u043f\u0440\u043e\u0444\u0438\u0441\u0441\u0438\u043e\u043d\u0430\u043b\u044c\u043d\u044b\u0445 \u043c\u0430\u0441\u0442\u0435\u0440\u0438\u0446\r\n\u0412\u044b \u0442\u043e\u0447\u043d\u043e \u0443 \u043d\u0430\u0441 \u0435\u0449\u0451 \u043d\u0435 \u0431\u044b\u043b\u0438\r\n\u041c\u044b \u0434\u0430\u0440\u0438\u043c \u043d\u0435 \u0437\u0430\u0431\u044b\u0432\u0430\u0435\u043c\u043e\u0435 \u0432\u043f\u0435\u0447\u0430\u0442\u043b\u0435\u043d\u0438\u044f\r\n\u041f\u0440\u0438\u044f\u0442\u043d\u044b\u0439 \u043e\u0442\u0434\u044b\u0445\r\n\u0412\u0441\u0435 \u0432\u043e\u043f\u0440\u043e\u0441\u044b \u043f\u043e \u0442\u0435\u043b",
    "created_date": "2020-05-08T05:57:07.922Z",
    "modified_date": "2020-05-30T04:34:07.835Z",
    "last_date": "2020-06-29T05:56:29Z",
    "contact": "8 777 111 22 33, \u0411\u041c\u0423, \u0410\u0431\u0430\u044f \u21163",
    "category": 2,
    "only": false,
    "elect_date": null
  }
},
{
  "model": "burnoe_app.service",
  "pk": 8,
  "fields": {
    "title": "\u041a\u0435\u0440\u0430\u0442\u0438\u043d, \u0431\u043e\u0442\u043e\u043a\u0441, \u043d\u0430\u043d\u043e\u043f\u043b\u0430\u0441\u0442\u0438\u043a\u0430 \u0432\u043e\u043b\u043e\u0441",
    "content": "\u041b\u044e\u0431\u0438\u0448\u044c \u043f\u0440\u044f\u043c\u044b\u0435, \u0431\u043b\u0435\u0441\u0442\u044f\u0449\u0438\u0435 \u0438 \u0437\u0434\u043e\u0440\u043e\u0432\u044b\u0435 \u0432\u043e\u043b\u043e\u0441\u044b!? \u041f\u0438\u0448\u0438 \u043c\u043d\u0435. \u0426\u0435\u043d\u0430 \u043d\u0430 \u043a\u0435\u0440\u0430\u0442\u0438\u043d \u0438 \u043d\u0430\u043d\u043e\u043f\u043b\u0430\u0441\u0442\u0438\u043a\u0443 \u043e\u0442 8000\u0442\u0433, \u0431\u043e\u0442\u043e\u043a\u0441 \u043e\u0442 6000\u0442\u0433 . \u0412\u0430\u0448\u0438 \u0432\u043e\u043b\u043e\u0441\u044b - \u0432\u0430\u0448\u0430 \u0432\u0438\u0437\u0438\u0442\u043d\u0430\u044f \u043a\u0430\u0440\u0442\u043e\u0447\u043a\u0430. \u041f\u0440\u0438\u043d\u0438\u043c\u0430\u044e \u0434\u043e\u043c\u0430.",
    "created_date": "2020-05-08T05:57:55.109Z",
    "modified_date": "2020-05-30T04:34:03.004Z",
    "last_date": "2020-06-29T05:57:16Z",
    "contact": "8 747 112 63 03, \u0411\u041c\u0423, \u0443\u043b. \u0418\u0433\u0438\u043b\u0438\u043a \u211614",
    "category": 2,
    "only": false,
    "elect_date": null
  }
},
{
  "model": "burnoe_app.service",
  "pk": 9,
  "fields": {
    "title": "\u0413\u0435\u043b\u044c-\u043b\u0430\u043a",
    "content": "\u041f\u043e\u043a\u0440\u044b\u0442\u0438\u0435 \u0433\u0435\u043b\u044c-\u043b\u0430\u043a\u043e\u043c .\u0412\u044b\u0440\u0430\u0432\u043d\u0438\u0432\u0430\u043d\u0438\u0435 \u043d\u043e\u0433\u0442\u0435\u0432\u043e\u0439 \u043f\u043b\u0430\u0441\u0442\u0438\u043d\u044b. \u0421\u0442\u0435\u0440\u0438\u043b\u044c\u043d\u044b\u0439 \u0438\u043d\u0441\u0442\u0440\u0443\u043c\u0435\u043d\u0442 100% .3000\u0442\u0433.\u0421\u043d\u044f\u0442\u0438\u0435 \u0447\u0443\u0436\u043e\u0433\u043e \u043c\u0430\u0442\u0435\u0440\u0438\u0430\u043b\u0430 300\u0442\u0433.",
    "created_date": "2020-05-08T05:58:15.472Z",
    "modified_date": "2020-05-30T04:33:58.998Z",
    "last_date": "2020-06-29T05:58:00Z",
    "contact": "8 777 111 22 33, \u0411\u041c\u0423, \u0410\u0431\u0430\u044f \u21163",
    "category": 2,
    "only": false,
    "elect_date": null
  }
},
{
  "model": "burnoe_app.service",
  "pk": 10,
  "fields": {
    "title": "\u041c\u0430\u043d\u0438\u043a\u044e\u0440 \u0433\u0435\u043b\u044c \u043f\u043e\u043a\u0440\u044b\u0442\u0438\u0435 \u043f\u0435\u0434\u0438\u043a\u044e\u0440",
    "content": "\u041e\u0431\u0440\u0435\u0437\u043d\u043e\u0439, \u0430\u043f\u043f\u0430\u0440\u0430\u0442\u043d\u044b\u0439 \u043c\u0430\u043d\u0438\u043a\u044e\u0440, \u0433\u0435\u043b\u044c \u043f\u043e\u043a\u0440\u044b\u0442\u0438\u0435, \u0443\u043a\u0440\u0435\u043f\u043b\u0435\u043d\u0438\u0435 \u0433\u0435\u043b\u0435\u043c, \u0430\u043a\u0440\u0438\u043b\u043e\u043c, \u043f\u0435\u0434\u0438\u043a\u044e\u0440, \u043d\u0430\u0440\u0430\u0449\u0438\u0432\u0430\u043d\u0438\u0435 \u043d\u043e\u0433\u0442\u0435\u0439 \u0433\u0435\u043b\u0435\u043c. \u041f\u0438\u0441\u0430\u0442\u044c \u043d\u0430 WhatsApp 87021784646 \u0418\u043d\u0441\u0442\u0430\u0433\u0440\u0430\u043c nogti_aktobe_elena",
    "created_date": "2020-05-08T05:58:36.450Z",
    "modified_date": "2020-05-30T04:33:54.897Z",
    "last_date": "2020-06-29T05:58:16Z",
    "contact": "8 777 111 22 33",
    "category": 2,
    "only": false,
    "elect_date": null
  }
},
{
  "model": "burnoe_app.service",
  "pk": 11,
  "fields": {
    "title": "\u041c\u0430\u043d\u0438\u043a\u044e\u0440 \u0433\u0435\u043b\u044c \u043f\u043e\u043a\u0440\u044b\u0442\u0438\u0435 \u043f\u0435\u0434\u0438\u043a\u044e\u0440",
    "content": "\u041e\u0431\u0440\u0435\u0437\u043d\u043e\u0439, \u0430\u043f\u043f\u0430\u0440\u0430\u0442\u043d\u044b\u0439 \u043c\u0430\u043d\u0438\u043a\u044e\u0440, \u0433\u0435\u043b\u044c \u043f\u043e\u043a\u0440\u044b\u0442\u0438\u0435, \u0443\u043a\u0440\u0435\u043f\u043b\u0435\u043d\u0438\u0435 \u0433\u0435\u043b\u0435\u043c, \u0430\u043a\u0440\u0438\u043b\u043e\u043c, \u043f\u0435\u0434\u0438\u043a\u044e\u0440, \u043d\u0430\u0440\u0430\u0449\u0438\u0432\u0430\u043d\u0438\u0435 \u043d\u043e\u0433\u0442\u0435\u0439 \u0433\u0435\u043b\u0435\u043c. \u041f\u0438\u0441\u0430\u0442\u044c \u043d\u0430 WhatsApp 87021784646 \u0418\u043d\u0441\u0442\u0430\u0433\u0440\u0430\u043c nogti_aktobe_elena",
    "created_date": "2020-05-08T05:58:49.027Z",
    "modified_date": "2020-05-30T04:33:50.786Z",
    "last_date": "2020-06-29T05:58:43Z",
    "contact": "8 777 111 22 33",
    "category": 2,
    "only": false,
    "elect_date": null
  }
},
{
  "model": "burnoe_app.service",
  "pk": 12,
  "fields": {
    "title": "\u0420\u0435\u043f\u0435\u0442\u0438\u0442\u043e\u0440 \u043f\u043e \u0430\u043d\u0433\u043b\u0438\u0439\u0441\u043a\u043e\u043c\u0443 \u044f\u0437\u044b\u043a\u0443",
    "content": "\u041e\u043d\u043b\u0430\u0439\u043d \u0443\u0440\u043e\u043a\u0438!\r\n\u041f\u0440\u043e\u0431\u043d\u044b\u0439 \u0443\u0440\u043e\u043a \u0431\u0435\u0441\u043f\u043b\u0430\u0442\u043d\u043e!\r\ninstagram kids.english.rau\r\n\u0417\u0430\u043d\u044f\u0442\u0438\u044f \u043f\u0440\u043e\u0432\u043e\u0434\u044f\u0442\u0441\u044f \u043f\u043e \u043f\u0440\u043e\u0433\u0440\u0430\u043c\u043c\u0435 \u041e\u043a\u0441\u0444\u043e\u0440\u0434\u0441\u043a\u043e\u0433\u043e \u0443\u043d\u0438\u0432\u0435\u0440\u0441\u0438\u0442\u0435\u0442\u0430 Family and friends \u0434\u043b\u044f \u0434\u0435\u0442\u0435\u0439!",
    "created_date": "2020-05-08T06:00:58.131Z",
    "modified_date": "2020-05-30T04:33:47.200Z",
    "last_date": "2020-06-29T05:58:52Z",
    "contact": "8747 112 6303, \u0443\u043b \u0411.\u0421\u0430\u0444\u0438\u043d\u043e\u0432",
    "category": 5,
    "only": false,
    "elect_date": null
  }
},
{
  "model": "burnoe_app.service",
  "pk": 13,
  "fields": {
    "title": "\u041f\u0440\u0435\u043f\u043e\u0434\u0430\u0432\u0430\u0442\u0435\u043b\u044c \u0430\u043d\u0433\u043b\u0438\u0439\u0441\u043a\u043e\u0433\u043e \u044f\u0437\u044b\u043a\u0430",
    "content": "\u0423\u0447\u0438\u0442\u0435\u043b\u044c \u0430\u043d\u0433\u043b\u0438\u0439\u0441\u043a\u043e\u0433\u043e, \u0432\u044b\u043f\u0443\u0441\u043a\u043d\u0438\u0446\u0430 \u0443\u043d\u0438\u0432\u0435\u0440\u0441\u0438\u0442\u0435\u0442\u043e\u0432 KIMEP \u0438 Houston University (USA) \u043f\u0440\u0435\u0434\u043b\u0430\u0433\u0430\u0435\u0442 \u0432\u0430\u043c \u0430\u0432\u0442\u043e\u0440\u0441\u043a\u0438\u0439 \u043c\u0435\u0442\u043e\u0434 \u043f\u0440\u0435\u043f\u043e\u0434\u0430\u0432\u0430\u043d\u0438\u044f \u0430\u043d\u0433\u043b\u0438\u0439\u0441\u043a\u043e\u0433\u043e \u044f\u0437\u044b\u043a\u0430. 50 000 \u0430\u043d\u0433\u043b\u0438\u0439\u0441\u043a\u0438\u0445 \u0441\u043b\u043e\u0432 \u0443\u0437\u043d\u0430\u0435\u0442\u0435 \u0437\u0430 \u043d\u0435\u0434\u0435\u043b\u044e \u043c\u0435\u0442\u043e\u0434\u043e\u043c \u0430\u0441\u0441\u043e\u0446\u0438\u0430\u0446\u0438\u0438. \u041e\u0431\u0443\u0447\u0435\u043d\u0438\u0435 \u043e\u043d\u043b\u0430\u0439\u043d \u0438 \u043e\u0444\u0444\u043b\u0430\u0439\u043d.",
    "created_date": "2020-05-08T06:01:28.997Z",
    "modified_date": "2020-05-30T04:34:33.984Z",
    "last_date": "2020-06-29T06:01:02Z",
    "contact": "8747 112 6303, \u0443\u043b \u0411.\u0421\u0430\u0444\u0438\u043d\u043e\u0432",
    "category": 5,
    "only": false,
    "elect_date": null
  }
},
{
  "model": "burnoe_app.service",
  "pk": 14,
  "fields": {
    "title": "\u0420\u0435\u0444\u0435\u0440\u0430\u0442\u044b, \u044d\u0441\u0441\u0435, \u0441\u043e\u0447\u0438\u043d\u0435\u043d\u0438\u044f, \u0421\u041e\u0420\u044b \u0438 \u0421\u041e\u0427\u0438",
    "content": "\u041f\u0440\u0438\u043d\u0438\u043c\u0430\u044e\u0442\u0441\u044f \u0437\u0430\u043a\u0430\u0437\u044b \u043d\u0430 \u043d\u0430\u043f\u0438\u0441\u0430\u043d\u0438\u0435 \u0442\u0435\u043a\u0441\u0442\u043e\u0432\u044b\u0445 \u0440\u0430\u0431\u043e\u0442:\r\n- \u043a\u043e\u043d\u0442\u0440\u043e\u043b\u044c\u043d\u044b\u0435\r\n- \u0434\u043e\u043a\u043b\u0430\u0434\u044b\r\n- \u0440\u0435\u0444\u0435\u0440\u0430\u0442\u044b\r\n- \u0441\u043e\u0447\u0438\u043d\u0435\u043d\u0438\u044f\r\n- \u044d\u0441\u0441\u0435\r\n- \u0441\u0442\u0430\u0442\u044c\u0438 \u043d\u0430 \u0440\u0430\u0437\u043b\u0438\u0447\u043d\u044b\u0435 \u0442\u0435\u043c\u044b\r\n- \u0430\u043d\u0430\u043b\u0438\u0437\u044b \u0441\u0442\u0438\u0445\u043e\u0442\u0432\u043e\u0440\u0435\u043d\u0438\u0439\r\n- \u0440\u0435\u0447\u044c \u043a \u0432\u044b\u0441\u0442\u0443\u043f\u043b\u0435\u043d\u0438\u044f\u043c\r\n- \u043f\u0440\u043e\u0432\u0435\u0440\u043a\u0430 \u0438 \u0432\u044b\u043f\u043e\u043b\u043d\u0435\u043d\u0438\u0435 \u0434\u043e\u043c\u0430\u0448\u043d\u0435\u0439 \u0440\u0430\u0431\u043e\u0442\u044b\r\n- \u043a\u043e\u0440\u0440\u0435\u043a\u0442\u0438\u0440\u043e\u0432\u043a\u0430, \u0440\u0435\u0434\u0430\u043a\u0442\u0438\u0440\u043e\u0432\u0430\u043d\u0438\u0435 \u0442\u0435\u043a\u0441\u0442\u043e\u0432\r\n- \u0434\u043e\u0440\u0430\u0431\u043e\u0442\u043a\u0430 \u0443\u043d\u0438\u043a\u0430\u043b\u044c\u043d\u043e\u0441\u0442\u0438",
    "created_date": "2020-05-08T06:01:52.370Z",
    "modified_date": "2020-05-30T04:34:22.922Z",
    "last_date": "2020-06-29T06:01:32Z",
    "contact": "8777 111 22 33, \u0443\u043b. \u041a\u043e\u043d\u0430\u0435\u0432\u0430 \u211616",
    "category": 5,
    "only": false,
    "elect_date": null
  }
},
{
  "model": "burnoe_app.service",
  "pk": 15,
  "fields": {
    "title": "\u0420\u0435\u043f\u0435\u0442\u0438\u0442\u043e\u0440 \u043f\u043e \u0430\u043d\u0433\u043b\u0438\u0439\u0441\u043a\u043e\u043c\u0443 \u044f\u0437\u044b\u043a\u0443",
    "content": "\u041d\u0430 \u0437\u0430\u043d\u044f\u0442\u0438\u044f\u0445 \u043c\u044b \u0440\u0430\u0431\u043e\u0442\u0430\u0435\u043c \u043f\u043e \u0432\u0441\u0435\u043c \u043d\u0430\u043f\u0440\u0430\u0432\u043b\u0435\u043d\u0438\u044f\u043c \u043e\u0431\u0443\u0447\u0435\u043d\u0438\u044f \u044f\u0437\u044b\u043a\u0443. \u041f\u043e \u0432\u0430\u0448\u0435\u043c\u0443 \u0436\u0435\u043b\u0430\u043d\u0438\u044e, \u043c\u044b \u0432\u044b\u043f\u043e\u043b\u043d\u044f\u0435\u043c \u0434\u043e\u043c\u0430\u0448\u043d\u0435\u0435 \u0437\u0430\u0434\u0430\u043d\u0438\u0435 \u0438 \u0433\u043e\u0442\u043e\u0432\u0438\u043c\u0441\u044f \u043a \u0441\u0443\u043c\u043c\u0430\u0442\u0438\u0432\u043d\u044b\u043c \u0440\u0430\u0431\u043e\u0442\u0430\u043c. \u041f\u0440\u0438\u043d\u0438\u043c\u0430\u044e \u0443 \u0441\u0435\u0431\u044f \u0434\u043e\u043c\u0430, \u0427\u0430\u0441: 1000 \u0442\u0433. \u0410\u0434\u0440\u0435\u0441: \u041c\u0430\u0439\u043a\u0443\u0434\u0443\u043a, \u0412\u043e\u0441\u0442\u043e\u043a-2. \u041f\u043e \u0432\u0441\u0435\u043c \u0432\u043e\u043f\u0440\u043e\u0441\u0430\u043c : 87055894042 .",
    "created_date": "2020-05-08T06:02:40.382Z",
    "modified_date": "2020-05-30T04:33:36.000Z",
    "last_date": "2020-06-29T06:01:54Z",
    "contact": "8 777 111 22 33, \u0411\u041c\u0423, \u0411\u043e\u043b\u044c\u043d\u0438\u0446\u0430 \u0436\u0430\u049b\u0442\u0430",
    "category": 5,
    "only": false,
    "elect_date": null
  }
},
{
  "model": "burnoe_app.service",
  "pk": 16,
  "fields": {
    "title": "\u0420\u0435\u043f\u0435\u0442\u0438\u0442\u043e\u0440 \u043f\u043e \u043a\u0430\u0437\u0430\u0445\u0441\u043a\u043e\u043c\u0443 \u044f\u0437\u044b\u043a\u0443",
    "content": "\u0420\u0435\u043f\u0435\u0442\u0438\u0442\u043e\u0440 \u043f\u043e \u043a\u0430\u0437\u0430\u0445\u0441\u043a\u043e\u043c\u0443 \u044f\u0437\u044b\u043a\u0443 \u043d\u0430\u0443\u0447\u0438\u0442 \u0432\u0430\u0441 \u0438 \u0432\u0430\u0448\u0438\u0445 \u0434\u0435\u0442\u0435\u0439 \u043f\u0440\u0430\u0432\u0438\u043b\u044c\u043d\u043e \u0433\u043e\u0432\u043e\u0440\u0438\u0442, \u0447\u0438\u0442\u0430\u0442\u044c \u0438 \u043f\u0438\u0441\u0430\u0442\u044c \u043d\u0430 \u043a\u0430\u0437\u0430\u0445\u0441\u043a\u043e\u043c \u044f\u0437\u044b\u043a\u0435. \u041f\u043e\u0434\u0433\u043e\u0442\u043e\u0432\u043a\u0430 \u043a \u041d\u0418\u0428, \u041a\u0422\u041b \u043f\u0435\u0440\u0435\u0432\u043e\u0434\u044b.\r\n\u041c\u043e\u0436\u043d\u043e \u0432 \u0444\u043e\u0440\u043c\u0430\u0442\u0435 \u041e\u043d\u043b\u0430\u0439\u043d \u043e\u0431\u0443\u0447\u0435\u043d\u0438\u044f.",
    "created_date": "2020-05-08T06:03:17.147Z",
    "modified_date": "2020-05-30T04:33:31.762Z",
    "last_date": "2020-06-29T06:02:46Z",
    "contact": "8 777 111 22 33, \u0411\u041c\u0423, \u0410\u0431\u0430\u044f \u21163",
    "category": 5,
    "only": false,
    "elect_date": null
  }
},
{
  "model": "burnoe_app.service",
  "pk": 17,
  "fields": {
    "title": "\u041a\u0443\u0440\u0441\u044b \u0436\u0435\u043d\u0441\u043a\u043e\u0433\u043e \u043f\u0430\u0440\u0438\u043a\u043c\u0430\u0445\u0435\u0440\u0430",
    "content": "\u041a\u0443\u0440\u0441\u044b \u0436\u0435\u043d\u0441\u043a\u043e\u0433\u043e \u043f\u0430\u0440\u0438\u043a\u043c\u0430\u0445\u0435\u0440\u0430 \u043f\u043e \u0410\u043a\u0446\u0438\u0438 26 000\u0442\u0433 \u041f\u043e\u043b\u043d\u044b\u0439 \u043a\u0443\u0440\u0441\r\n\u0422\u0435\u043e\u0440\u0438\u044f 1%+99% \u043f\u0440\u0430\u043a\u0442\u0438\u043a\u0438\r\n\u0421\u0422\u0420\u0418\u0416\u041a\u0418\r\n-\u041a\u0430\u0441\u043a\u0430\u0434\r\n-\u0423\u0434\u043b\u0438\u043d\u0435\u043d\u043d\u043e\u0435 \u043a\u0430\u0440\u0435\r\n-\u0411\u043e\u0431 \u043a\u0430\u0440\u0435\r\n-\u041a\u043b\u0430\u0441\u0441\u0438\u0447\u0435\u0441\u043a\u043e\u0435 \u043a\u0430\u0440\u0435\r\n-\u041e\u0441\u0441\u0438\u043c\u0435\u0442\u0440\u0438\u044f\r\n-\u041f\u0438\u043a\u0441\u0438",
    "created_date": "2020-05-08T06:04:01.442Z",
    "modified_date": "2020-05-30T04:33:19.435Z",
    "last_date": "2020-06-29T06:03:22Z",
    "contact": "8 777 111 22 33, \u0411\u041c\u0423, \u0410\u0431\u0430\u044f \u21163",
    "category": 5,
    "only": false,
    "elect_date": null
  }
},
{
  "model": "burnoe_app.service",
  "pk": 18,
  "fields": {
    "title": "\u041e\u0431\u0443\u0447\u0435\u043d\u0438\u0435 \u0418\u0433\u0440\u0435 \u041d\u0430 \u0413\u0438\u0442\u0430\u0440\u0435",
    "content": "\u041f\u0440\u0435\u0434\u043e\u0441\u0442\u0430\u0432\u043b\u0435\u043d\u0438\u0435 \u0418\u043d\u0441\u0442\u0440\u0443\u043c\u0435\u043d\u0442\u0430 \u0423\u0447\u0435\u043d\u0438\u043a\u0443 \u043d\u0430 \u0432\u0440\u0435\u043c\u044f \u0437\u0430\u043d\u044f\u0442\u0438\u044f, \u0435\u0441\u043b\u0438 \u0437\u0430\u043d\u0438\u043c\u0430\u0435\u0442\u0435\u0441\u044c \u0431\u0435\u0437 \u0432\u044b\u0435\u0437\u0434\u0430. \u0422\u0430\u043a \u0436\u0435 \u0437\u0430\u043d\u044f\u0442\u0438\u044f \u0432\u043e\u0437\u043c\u043e\u0436\u043d\u044b \u0432 \u0433\u0440\u0443\u043f\u043f\u0430\u0445 \u0438\u0437 \u043d\u0435\u0441\u043a\u043e\u043b\u044c\u043a\u0438\u0445 \u0447\u0435\u043b\u043e\u0432\u0435\u043a - \u0434\u043e\u043f\u0443\u0441\u0442\u0438\u043c, \u0435\u0441\u043b\u0438 \u0432\u044b \u0445\u043e\u0442\u0438\u0442\u0435 \u0437\u0430\u043d\u0438\u043c\u0430\u0442\u044c\u0441\u044f \u0441 \u0434\u0440\u0443\u0433\u043e\u043c/\u043f\u043e\u0434\u0440\u0443\u0433\u043e\u0439. \u0412 \u0442\u0430\u043a\u043e\u043c \u0441\u043b\u0443\u0447\u0430\u0435 \u043f\u0440\u0435\u0434\u043e\u0441\u0442\u0430\u0432\u043b\u044f\u0435\u0442\u0441\u044f \u043d\u0435\u0431\u043e\u043b\u044c\u0448\u0430\u044f \u0441\u043a\u0438\u0434\u043a\u0430)",
    "created_date": "2020-05-08T06:04:38.221Z",
    "modified_date": "2020-05-30T04:33:14.616Z",
    "last_date": "2020-06-29T06:04:06Z",
    "contact": "8 777 111 22 33, \u0411\u041c\u0423, \u0411\u043e\u043b\u044c\u043d\u0438\u0446\u0430 \u0436\u0430\u049b\u0442\u0430",
    "category": 5,
    "only": false,
    "elect_date": null
  }
},
{
  "model": "burnoe_app.service",
  "pk": 19,
  "fields": {
    "title": "\u041c\u0430\u0441\u0442\u0435\u0440\u0441\u043a\u0430\u044f \u043f\u043e \u0438\u0437\u0433\u043e\u0442\u043e\u0432\u043b\u0435\u043d\u0438\u044e \u0440\u043e\u0441\u0442\u043e\u0432\u044b\u0445 \u043a\u0443\u043a\u043e\u043b",
    "content": "\u0418\u0437\u0433\u043e\u0442\u0430\u0432\u043b\u0438\u0432\u0430\u0435\u043c \u0440\u043e\u0431\u043e\u0442\u043e\u0432, \u043a\u043e\u0441\u0442\u044e\u043c\u044b \u043a\u0430\u0437\u0430\u0445\u0441\u043a\u0438\u0445 \u0431\u0430\u0442\u044b\u0440\u043e\u0432, \u043c\u0438\u043d\u0438 \u043e\u0440\u0443\u0436\u0438\u044f, \u044d\u043a\u0441\u043a\u043b\u044e\u0437\u0438\u0432\u043d\u044b\u0435 \u0440\u044e\u043a\u0437\u0430\u043a\u0438, \u0441\u0438\u043b\u0438\u043a\u043e\u043d\u043e\u0432\u044b\u0435 \u043c\u0430\u0441\u043a\u0438 \u0438 \u043a\u043e\u0440\u0430\u0431\u043b\u0438 \u0438 \u043c\u043d\u043e\u0433\u043e\u0435 \u0434\u0440\u0443\u0433\u043e\u0435",
    "created_date": "2020-05-13T07:00:18.024Z",
    "modified_date": "2020-05-13T07:00:18.024Z",
    "last_date": "2020-06-03T06:59:22Z",
    "contact": "8 777 111 22 33, \u0411\u041c\u0423, \u0411\u043e\u043b\u044c\u043d\u0438\u0446\u0430 \u0436\u0430\u049b\u0442\u0430",
    "category": 1,
    "only": false,
    "elect_date": null
  }
},
{
  "model": "burnoe_app.service",
  "pk": 20,
  "fields": {
    "title": "\u0428\u0430\u0448\u043b\u044b\u043a\u0438 \u043d\u0430 \u0432\u044b\u043d\u043e\u0441 \u0412\u043a\u0443\u0441\u043d\u044b\u0439 \u0423\u0433\u043e\u043b\u043e\u043a",
    "content": "\u0428\u0430\u0448\u043b\u044b\u043a\u0438 \u043d\u0430 \u0432\u044b\u043d\u043e\u0441\r\n\u0412\u044b \u0435\u0449\u0451 \u043d\u0435 \u043f\u0440\u043e\u0431\u043e\u0432\u0430\u043b\u0438???\r\n\u0421\u043a\u043e\u0440\u0435\u0435 \u043c\u0435\u043d\u044f\u0439\u0442\u0435\u0441\u044c ! \u0418 \u0437\u0430\u043a\u0430\u0437\u044b\u0432\u0430\u0439\u0442\u0435 \u0448\u0430\u0448\u043b\u044b\u043a\u0438 \u0443 \u043d\u0430\u0441 !! \u041e\u0447\u0435\u043d\u044c \u0432\u043a\u0443\u0441\u043d\u043e\u0435 \u0438 \u0432\u0441\u0435\u0433\u0434\u0430 \u0441\u0432\u0435\u0436\u0435\u0435 \u043c\u044f\u0441\u043e ) \u043a\u0430\u0447\u0435\u0441\u0442\u0432\u0435\u043d\u043d\u0430\u044f \u043e\u0431\u0436\u0430\u0440\u043a\u0430 ) \u0438 \u0442\u0430\u044e\u0449\u0438\u0439 \u0432\u043e \u0440\u0442\u0443 \u0432\u043a\u0443\u0441 )\r\n\u0412 \u043d\u0430\u043b\u0438\u0447\u0438\u0435 \u0432\u0441\u0435\u0433\u0434\u0430 \u043c\u043e\u0436\u0435\u0442\u0435 \u043f\u0440\u0438\u043e\u0431\u0440\u0435\u0441\u0442\u0438 \u0441\u043e\u0443\u0441\u044b \u0438 \u043d\u0430\u043f\u0438\u0442\u043a\u0438 ,\u0433\u043e\u0440\u044f\u0447\u0443\u044e \u043b\u0435\u043f\u0435\u0448\u043a\u0443 \u0438 \u0443\u043b\u044b\u0431\u043a\u0443 \u043d\u0430 \u0432\u0435\u0441\u044c \u0434\u0435\u043d\u044c\r\n\u0410\u043b\u0442\u044b\u043d\u0441\u0430\u0440\u0438\u043d\u0430 59 877824038 38",
    "created_date": "2020-05-13T07:00:50.428Z",
    "modified_date": "2020-05-13T07:00:50.429Z",
    "last_date": "2020-06-03T07:00:26Z",
    "contact": "8 777 111 22 33, \u0411\u041c\u0423, \u0411\u043e\u043b\u044c\u043d\u0438\u0446\u0430 \u0436\u0430\u049b\u0442\u0430",
    "category": 1,
    "only": false,
    "elect_date": null
  }
},
{
  "model": "burnoe_app.service",
  "pk": 21,
  "fields": {
    "title": "\u041a\u043e\u0440\u0442\u0435\u0436 \u0410\u0440\u0435\u043d\u0434\u0430 \u0430\u0432\u0442\u043e",
    "content": "\u041b\u0443\u0447\u0448\u0438\u0435 \u0432 \u0433\u043e\u0440\u043e\u0434\u0435\r\n\u041e\u0440\u0433\u0430\u043d\u0438\u0437\u0430\u0446\u0438\u044f \u043a\u043e\u0440\u0442\u0435\u0436\u0430 \u043b\u044e\u0431\u043e\u0433\u043e \u0443\u0440\u043e\u0432\u043d\u044f...\r\n\u0410\u0440\u0435\u043d\u0434\u0430 \u0430\u0432\u0442\u043e\u043c\u043e\u0431\u0438\u043b\u044f \u0441 \u0432\u043e\u0434\u0438\u0442\u0435\u043b\u0435\u043c -\u0422\u0440\u0430\u043d\u0441\u0444\u0435\u0440 \u0432 \u0430\u044d\u0440\u043e\u043f\u043e\u0440\u0442\r\n-\u0432\u0441\u0442\u0440\u0435\u0447\u0430 \u0432 \u0430\u044d\u0440\u043e\u043f\u043e\u0440\u0442\u0443\r\n-\u0441\u0432\u0430\u0434\u0435\u0431\u043d\u044b\u0439 \u043a\u043e\u0440\u0442\u0435\u0436\r\n-\u0434\u0435\u043b\u043e\u0432\u044b\u0435 \u043f\u043e\u0435\u0437\u0434\u043a\u0438\r\n-\u043f\u043e\u0435\u0437\u0434\u043a\u0438 \u043d\u0430 \u043e\u0442\u0434\u044bx\r\n-\u0432\u0441\u0442\u0440\u0435\u0447\u0430 \u0432 \u0440\u043e\u0434\u0434\u043e\u043c\u0435\r\n-\u0430\u0432\u0442\u043e \u0434\u043b\u044f \u0444\u043e\u0442\u043e\u0441\u0435\u0441\u0441\u0438\u0438,\u043a\u043b\u0438\u043f\u0430\r\n-\u0430\u0432\u0442\u043e \u0434\u043b\u044f \u0432\u0441\u0442\u0440\u0435\u0447\u0438 \u0430\u0440\u0442\u0438\u0441\u0442\u043e\u0432 (\u0430\u043d\u043e\u043d\u0438\u043c\u043d\u043e\u0441\u0442\u044c \u043f\u0435\u0440\u0435\u0433\u043e\u0432\u043e\u0440\u043e\u0432 \u0432\r\n\u0430\u0432\u0442\u043e\u043c\u043e\u0431\u0438\u043b\u0435 \u0433\u0430\u0440\u0430\u043d\u0442\u0438\u0440\u0443\u0435\u0442\u0441\u044f,",
    "created_date": "2020-05-13T07:01:33.276Z",
    "modified_date": "2020-05-13T07:01:33.276Z",
    "last_date": "2020-06-03T07:01:03Z",
    "contact": "8777 111 22 33, \u0443\u043b. \u041a\u043e\u043d\u0430\u0435\u0432\u0430 \u211616",
    "category": 1,
    "only": false,
    "elect_date": null
  }
},
{
  "model": "burnoe_app.service",
  "pk": 22,
  "fields": {
    "title": "\u0410\u0440\u0435\u043d\u0434\u0430, \u041f\u0440\u043e\u043a\u0430\u0442 \u041f\u04414,Ps4",
    "content": "\u0423\u0421\u041b\u041e\u0412\u0418\u042f \u0410\u0420\u0415\u041d\u0414\u042b:\r\n- \u0414\u043e\u0433\u043e\u0432\u043e\u0440,\r\n- \u0410\u043a\u0442 \u043f\u0440\u0438\u0435\u043c\u0430 \u043f\u0435\u0440\u0435\u0434\u0430\u0447\u0438,\r\n- \u0424\u043e\u0442\u043e, \u0432\u0438\u0434\u0435\u043e \u0441\u044c\u0435\u043c\u043a\u0430.\r\nP/S: \u041d\u0410 \u0412\u0421\u0415 \u041f\u0420\u0418\u0421\u0422\u0410\u0412\u041a\u0418 \u041d\u0410\u041d\u0415\u0421\u0415\u041d\u0410 \u0413\u0420\u0410\u0412\u0418\u0420\u041e\u0412\u041a\u0410!\r\n\r\n\u0417\u0410\u041b\u041e\u0413:\r\n- \u0423\u0434\u043e\u0441\u0442\u043e\u0432\u0435\u0440\u0435\u043d\u0438\u0435 \u043b\u0438\u0447\u043d\u043e\u0441\u0442\u0438.\r\n- \u0420\u0430\u0441\u0447\u0435\u0442\u043d\u043e\u0435 \u0432\u0440\u0435\u043c\u044f: \u0434\u043e 17.00\r\n\r\n\u0412\u042b \u041f\u041e\u041b\u0423\u0427\u0418\u0422\u0415 \u041a\u0410\u0427\u0415\u0421\u0422\u0412\u0415\u041d\u041d\u042b\u0415 \u0418\u0413\u0420\u042b, \u041f\u0420\u0418\u0421\u0422\u0410\u0412\u041a\u0418 \u0412 \u041e\u0422\u041b\u0418\u0427\u041d\u041e\u041c \u0421\u041e\u0421\u0422\u041e\u042f\u041d\u0418\u0418 \u0418 \u041a\u0410\u0427\u0415\u0421\u0422\u0412\u0415\u041d\u041d\u042b\u0415 \u0414\u0416\u041e\u0419\u0421\u0422\u0418\u041a\u0418. \u0414\u041e\u0421\u0422\u0410\u0412\u041a\u0410 \u0418 \u0423\u0421\u0422\u0410\u041d\u041e\u0412\u041a\u0410 \u0411\u0415\u0421\u041f\u041b\u0410\u0422\u041d\u041e. \u0422\u041e\u041f\u041e\u0412\u042b\u0415 \u0418\u0413\u0420\u042b \u0414\u041b\u042f \u041d\u0410\u0421\u0422\u041e\u042f\u0429\u0418\u0425 \u0426\u0415\u041d\u0418\u0422\u0415\u041b\u0415\u0419 PLAYSTAION!!!!",
    "created_date": "2020-05-13T07:04:36.187Z",
    "modified_date": "2020-05-13T07:04:36.187Z",
    "last_date": "2020-06-03T07:04:02Z",
    "contact": "8 777 111 22 33, \u0411\u041c\u0423, \u0411\u043e\u043b\u044c\u043d\u0438\u0446\u0430 \u0436\u0430\u049b\u0442\u0430",
    "category": 1,
    "only": false,
    "elect_date": null
  }
},
{
  "model": "burnoe_app.service",
  "pk": 23,
  "fields": {
    "title": "\u0413\u043e\u0441\u0442\u0438\u043d\u0438\u0446\u0430 \u00ab\u0410\u043a\u0436\u043e\u043b\u0442\u0430\u0439\u00bb",
    "content": "\u0413\u043b\u0430\u0432\u043d\u044b\u043c \u043f\u0440\u0435\u0438\u043c\u0443\u0449\u0435\u0441\u0442\u0432\u043e\u043c \u043c\u0438\u043d\u0438 \u0433\u043e\u0441\u0442\u0438\u043d\u0438\u0446\u044b \u0410\u043b\u043c\u0430\u0442\u044b \u044d\u043a\u043e\u043d\u043e\u043c \u043a\u043b\u0430\u0441\u0441\u0430 \u044f\u0432\u043b\u044f\u0435\u0442\u0441\u044f \u0443\u044e\u0442\u043d\u0430\u044f \u043e\u0431\u0441\u0442\u0430\u043d\u043e\u0432\u043a\u0430 \u0438 \u043f\u0440\u0438\u0435\u043c\u043b\u0435\u043c\u0430\u044f \u0441\u0442\u043e\u0438\u043c\u043e\u0441\u0442\u044c.\r\n\r\n\u0412\u0441\u0435 \u043d\u043e\u043c\u0435\u0440\u0430 \u043f\u043e\u0441\u043b\u0435 \u0440\u0435\u043c\u043e\u043d\u0442\u0430\r\n\r\n\u0421\u0443\u0442\u043a\u0438 (24 \u0447\u0430\u0441\u0430):\r\n\u041d\u043e\u043c\u0435\u0440 \u0441\u0442\u0430\u043d\u0434\u0430\u0440\u0442 (\u043e\u0431\u0449\u0438\u0439 \u0434\u0443\u0448 \u043d\u0430 \u044d\u0442\u0430\u0436) : 4000\u0442\u0433\r\n\u041f\u043e\u043b\u0443\u043b\u044e\u043a\u0441 (\u0441 \u0434\u0443\u0448\u0435\u043c \u0432\u043d\u0443\u0442\u0440\u0438 \u043a\u043e\u043c\u043d\u0430\u0442\u044b) : 5000\u0442\u0433\r\n\r\n\u041d\u0430 \u043d\u043e\u0447\u044c ( \u043c\u0435\u043d\u0435\u0435 \u0441\u0443\u0442\u043e\u043a):\r\n\u041d\u043e\u043c\u0435\u0440 \u0441\u0442\u0430\u043d\u0434\u0430\u0440\u0442: 3000\u0442\u0433\r\n\u041f\u043e\u043b\u0443\u043b\u044e\u043a\u0441: 4000\u0442\u0433",
    "created_date": "2020-05-13T07:05:02.253Z",
    "modified_date": "2020-05-13T07:05:02.254Z",
    "last_date": "2020-06-03T07:04:40Z",
    "contact": "8 777 111 22 33, \u0411\u041c\u0423, \u0411\u043e\u043b\u044c\u043d\u0438\u0446\u0430 \u0436\u0430\u049b\u0442\u0430",
    "category": 1,
    "only": false,
    "elect_date": null
  }
},
{
  "model": "burnoe_app.service",
  "pk": 24,
  "fields": {
    "title": "\u0428\u043a\u043e\u043b\u0430 \u0440\u0443\u043a\u043e\u0434\u0435\u043b\u0438\u044f",
    "content": "\u0428\u043a\u043e\u043b\u0430 \u0440\u0443\u043a\u043e\u0434\u0435\u043b\u0438\u044f \"\u041b\u0430\u043b\u0438\" \u0440\u0430\u0434\u0430 \u0432\u0430\u043c \u043f\u0440\u0435\u0434\u0441\u0442\u0430\u0432\u0438\u0442\u044c \u0441\u0432\u043e\u0438 \u0443\u0441\u043b\u0443\u0433\u0438 \u043f\u043e \u043e\u0437\u043d\u0430\u043a\u043e\u043c\u043b\u0435\u043d\u0438\u044e \u0441 \u0442\u0432\u043e\u0440\u0447\u0435\u0441\u0442\u0432\u043e\u043c \u0440\u0443\u043a\u043e\u0434\u0435\u043b\u0438\u044f, \u0434\u043b\u044f \u0434\u0435\u0442\u0435\u0439 \u0438 \u0432\u0437\u0440\u043e\u0441\u043b\u044b\u0445, \u043f\u043e\u043b\u0438\u043c\u0435\u0440\u043d\u0430\u044f \u0433\u043b\u0438\u043d\u0430, \u0432\u044b\u0448\u0438\u0432\u043a\u0430 \u0440\u0430\u0437\u043d\u044b\u0445 \u0432\u0438\u0434\u043e\u0432, \u0442\u0435\u0441\u0442\u043e \u043b\u0435\u043f\u043a\u0430 \u0438 \u0435\u0449\u0451 \u043e\u0447\u0435\u043d\u044c \u043c\u043d\u043e\u0433\u043e \u0438\u043d\u0442\u0435\u0440\u0435\u0441\u0441\u043d\u043e\u0433\u043e, \u0438\u0434\u0435\u0442 \u043d\u0430\u0431\u043e\u0440 \u0432 \u0433\u0440\u0443\u043f\u043f\u044b, \u043f\u043e\u0434\u0440\u043e\u0431\u043d\u0430\u044f \u0438\u043d\u0444\u043e\u0440\u043c\u0430\u0446\u0438\u044f \u043f\u043e \u0442\u0435\u043b\u0435\u0444\u043e\u043d\u0443 8 701 338 50 78 wats app, 8 777 282 22 70, \u0430\u0434\u0440\u0435\u0441: \u0411\u0443\u0440\u0443\u043d\u0434\u0430\u0439 \u0422\u0426 \"\u041a\u0440\u0438\u0441\u0442\u0430\u043b\"",
    "created_date": "2020-05-13T07:05:39.015Z",
    "modified_date": "2020-05-13T07:05:39.015Z",
    "last_date": "2020-06-03T07:05:04Z",
    "contact": "8 777 111 22 33, \u0411\u041c\u0423, \u0410\u0431\u0430\u044f \u21163",
    "category": 1,
    "only": false,
    "elect_date": null
  }
},
{
  "model": "burnoe_app.service",
  "pk": 25,
  "fields": {
    "title": "\u0420\u0435\u043c\u043e\u043d\u0442 \u043d\u043e\u0443\u0442\u0431\u0443\u043a\u043e\u0432 \u0441 \u0433\u0430\u0440\u0430\u043d\u0442\u0438\u0435\u0439",
    "content": "\u0420\u0435\u043c\u043e\u043d\u0442 \u043d\u043e\u0443\u0442\u0431\u0443\u043a\u043e\u0432 \u0438 \u043a\u043e\u043c\u043f\u044c\u044e\u0442\u0435\u0440\u043e\u0432 \u043b\u044e\u0431\u043e\u0439 \u0441\u043b\u043e\u0436\u043d\u043e\u0441\u0442\u0438, \u0433\u0430\u0440\u0430\u043d\u0442\u0438\u044f \u043d\u0430 \u0440\u0435\u043c\u043e\u043d\u0442!!!\r\n\u0411\u0443\u0445\u0430\u0440-\u0416\u044b\u0440\u0430\u0443 49/6, \u0417\u0430 \u0411\u0426 \"\u041a\u0430\u0437\u0430\u0445\u0441\u0442\u0430\u043d\"\r\n87761423488",
    "created_date": "2020-05-13T07:06:44.055Z",
    "modified_date": "2020-05-13T07:06:44.056Z",
    "last_date": "2020-06-03T07:05:44Z",
    "contact": "8 777 111 22 33, \u0411\u041c\u0423, \u0411\u043e\u043b\u044c\u043d\u0438\u0446\u0430 \u0436\u0430\u049b\u0442\u0430",
    "category": 4,
    "only": false,
    "elect_date": null
  }
},
{
  "model": "burnoe_app.service",
  "pk": 26,
  "fields": {
    "title": "\u0420\u0435\u043c\u043e\u043d\u0442 \u0441\u0442\u0438\u0440\u0430\u043b\u044c\u043d\u044b\u0445 \u043c\u0430\u0448\u0438\u043d",
    "content": "\u0440\u0435\u043c\u043e\u043d\u0442 \u0441\u0442\u0438\u0440\u0430\u043b\u044c\u043d\u044b\u0445 \u043c\u0430\u0448\u0438\u043d \u043b\u044e\u0431\u043e\u0439 \u0441\u043b\u043e\u0436\u043d\u043e\u0441\u0442\u0438, \u043b\u044e\u0431\u044b\u0445 \u0432\u0438\u0434\u043e\u0432 \u043c\u0430\u0448\u0438\u043d. \u043a\u0430\u0447\u0435\u0441\u0442\u0432\u0435\u043d\u043d\u043e\u0441\u0442\u044c \u0438 \u043e\u0442\u0432\u0435\u0442\u0441\u0442\u0432\u0435\u043d\u043e\u0441\u0442\u044c, \u0433\u0430\u0440\u0430\u043d\u0442\u0438\u0440\u0443\u0435\u043c. 87475554908",
    "created_date": "2020-05-13T07:07:19.089Z",
    "modified_date": "2020-05-13T07:07:19.089Z",
    "last_date": "2020-06-03T07:06:44Z",
    "contact": "8747 112 6303, \u0443\u043b \u0411.\u0421\u0430\u0444\u0438\u043d\u043e\u0432",
    "category": 4,
    "only": false,
    "elect_date": null
  }
},
{
  "model": "burnoe_app.service",
  "pk": 27,
  "fields": {
    "title": "\u0440\u0435\u043c\u043e\u043d\u0442 \u0445\u043e\u043b\u043e\u0434\u0438\u043b\u044c\u043d\u0438\u043a\u043e\u0432",
    "content": "\u0420\u0415\u041c\u041e\u041d\u0422 \u0425\u041e\u041b\u041e\u0414\u0418\u041b\u042c\u041d\u0418\u041a\u041e\u0412 \u0423 \u0412\u0410\u0421 \u0414\u041e\u041c\u0410 \u041f\u041e \u0414\u041e\u0421\u0422\u0423\u041f\u041d\u042b\u041c \u0426\u0415\u041d\u0410\u041c \u0421 \u0413\u0410\u0420\u0410\u041d\u0422\u0418\u0418.\r\n\u0422\u0435\u043b: 87479683035\r\n\u0412\u044b\u0435\u0437\u0436\u0430\u0435\u043c \u0432\u0441\u0435 \u0440\u0430\u0439\u043e\u043d\u044b \u0433\u043e\u0440\u043e\u0434\u0430 \u0438 \u043f\u0440\u0438\u0433\u043e\u0440\u043e\u0434! \u041d\u0430 \u0432\u0441\u0435 \u0445\u043e\u043b\u043e\u0434\u0438\u043b\u044c\u043d\u0438\u043a\u0430\u043c \u0438\u043c\u0435\u0435\u0442\u0441\u044f \u0437\u0430\u043f\u0447\u0430\u0441\u0442\u0438 \u043d\u0430 \u043e\u0440\u0438\u0433\u0438\u043d\u0430\u043b,\u043b\u0438\u0431\u043e \u0445\u043e\u0440\u043e\u0448\u0438\u0435 \u0430\u043d\u0430\u043b\u043e\u0433\u0438. \u0417\u0430\u043f\u0440\u0430\u0432\u043a\u0430 \u0444\u0440\u0435\u043e\u043d\u043e\u043c: R-134,12,22 \u0438 R-600A\r\n\u041c\u044b \u043f\u0440\u0438\u043d\u0438\u043c\u0430\u0435\u043c \u0432 \u0440\u0435\u043c\u043e\u043d\u0442 \u0445\u043e\u043b\u043e\u0434\u0438\u043b\u044c\u043d\u0438\u043a\u0443 \u0438 \u043c\u043e\u0440\u043e\u0437\u0438\u043b\u044c\u043d\u0438\u043a\u0443 \u0432\u0441\u0435\u0445 \u043c\u0430\u0440\u043e\u043a!",
    "created_date": "2020-05-13T07:07:43.826Z",
    "modified_date": "2020-05-13T07:07:43.826Z",
    "last_date": "2020-06-03T07:07:23Z",
    "contact": "8 747 112 63 03, \u0411\u041c\u0423, \u0443\u043b. \u0418\u0433\u0438\u043b\u0438\u043a \u211614",
    "category": 4,
    "only": false,
    "elect_date": null
  }
},
{
  "model": "burnoe_app.service",
  "pk": 28,
  "fields": {
    "title": "\u0420\u0435\u043c\u043e\u043d\u0442 \u0431\u044b\u0442\u043e\u0432\u043e\u0439 \u0442\u0435\u0445\u043d\u0438\u043a\u0438",
    "content": "\u041d\u0435\u0434\u043e\u0440\u043e\u0433\u043e\u0439 \u0440\u0435\u043c\u043e\u043d\u0442 \u0441\u0442\u0438\u0440\u0430\u043b\u044c\u043d\u044b\u0445 \u043c\u0430\u0448\u0438\u043d, \u043f\u043e\u0441\u0443\u0434\u043e\u043c\u043e\u0435\u043a, \u0445\u043e\u043b\u043e\u0434\u0438\u043b\u044c\u043d\u0438\u043a\u043e\u0432, \u043a\u043e\u043d\u0434\u0438\u0446\u0438\u043e\u043d\u0435\u0440\u043e\u0432, \u044d\u043b\u0435\u043a\u0442\u0440\u043e\u043f\u043b\u0438\u0442\u044b, \u043f\u044b\u043b\u0435\u0441\u043e\u0441\u043e\u0432, \u043c\u043e\u0440\u043e\u0437\u0438\u043b\u044c\u043d\u044b\u0445 \u043a\u0430\u043c\u0435\u0440 \u0438 \u0434\u0443\u0445\u043e\u0432\u043e\u043a. \u0411\u0435\u0441\u043f\u043b\u0430\u0442\u043d\u044b\u0435 \u0432\u044b\u0435\u0437\u0434 \u0438 \u0434\u0438\u0430\u0433\u043d\u043e\u0441\u0442\u0438\u043a\u0430 \u043f\u043e \u0432\u0441\u0435\u043c \u0440\u0430\u0439\u043e\u043d\u0430\u043c \u0410\u043b\u043c\u0430\u0442\u044b \u0438 \u0432 \u043f\u0440\u0438\u0433\u043e\u0440\u043e\u0434\u0435.\r\n\u0420\u0430\u0431\u043e\u0442\u0430\u0435\u043c \u0435\u0436\u0435\u0434\u043d\u0435\u0432\u043d\u043e \u0441 8:00 \u0434\u043e 21:00.\r\n\u0412\u044b\u0434\u0430\u0435\u043c \u0433\u0430\u0440\u0430\u043d\u0442\u0438\u044e \u043d\u0430 \u043e\u0442\u0440\u0435\u043c\u043e\u043d\u0442\u0438\u0440\u043e\u0432\u0430\u043d\u043d\u0443\u044e \u0442\u0435\u0445\u043d\u0438\u043a\u0438.",
    "created_date": "2020-05-13T07:08:15.287Z",
    "modified_date": "2020-05-13T07:08:15.287Z",
    "last_date": "2020-06-03T07:07:46Z",
    "contact": "8 777 111 22 33, \u0411\u041c\u0423, \u0410\u0431\u0430\u044f \u21163",
    "category": 4,
    "only": false,
    "elect_date": null
  }
},
{
  "model": "burnoe_app.service",
  "pk": 29,
  "fields": {
    "title": "Apple \u041f\u0440\u043e\u0433\u0440\u0430\u043c\u043c\u044b Microsoft Office",
    "content": "\u0423 \u043d\u0430\u0441 \u0438\u043c\u0435\u0435\u0442\u0441\u044f \u0431\u043e\u043b\u044c\u0448\u043e\u0435 \u043a\u043e\u043b\u0438\u0447\u0435\u0441\u0442\u0432\u043e \u0440\u0430\u0437\u043d\u044b\u0445 \u043f\u0440\u043e\u0433\u0440\u0430\u043c\u043c \u0434\u043b\u044f Apple iMac, Macbook Pro, Air. \u0412\u044b\u0435\u0437\u0434 \u0431\u0435\u0441\u043f\u043b\u0430\u0442\u043d\u044b\u0439, \u0433\u0430\u0440\u0430\u043d\u0442\u0438\u044f \u043d\u0430 \u0431\u0435\u0437\u043e\u0442\u043a\u0430\u0437\u043d\u0443\u044e \u0440\u0430\u0431\u043e\u0442\u0443 \u043f\u0440\u043e\u0433\u0440\u0430\u043c\u043c.\r\n\r\n\u041e\u0444\u0438\u0441\u043d\u044b\u0435 \u043f\u0440\u043e\u0433\u0440\u0430\u043c\u043c\u044b \u0434\u043b\u044f \u0434\u0435\u043b\u043e\u0432\u044b\u0445 \u043b\u044e\u0434\u0435\u0439 \u0438 \u043a\u043e\u043c\u043f\u0430\u043d\u0438\u0438:\r\n\u2022 Microsoft Office \u043f\u043e\u043b\u043d\u044b\u0439 \u043f\u0430\u043a\u0435\u0442 (Word, Excel, PowerPoint, OneNote, Otlook)\r\n\u2022 ABBYY FineReader OCR Pro",
    "created_date": "2020-05-13T07:08:47.167Z",
    "modified_date": "2020-05-30T03:53:25.445Z",
    "last_date": "2020-06-03T07:08:20Z",
    "contact": "8 777 111 22 33, \u0411\u041c\u0423, \u0411\u043e\u043b\u044c\u043d\u0438\u0446\u0430 \u0436\u0430\u049b\u0442\u0430",
    "category": 4,
    "only": false,
    "elect_date": null
  }
},
{
  "model": "burnoe_app.service",
  "pk": 30,
  "fields": {
    "title": "\u0443\u0441\u0442\u0430\u043d\u043e\u0432\u043a\u0443 \u043a\u043e\u043d\u0434\u0438\u0446\u0438\u043e\u043d\u0435\u0440\u0430",
    "content": "\u0410\u043a\u0446\u0438\u044f \u043d\u0430 \u0443\u0441\u0442\u0430\u043d\u043e\u0432\u043a\u0443 \u043a\u043e\u043d\u0434\u0438\u0446\u0438\u043e\u043d\u0435\u0440\u0430 , \u0440\u0435\u043c\u043e\u043d\u0442 \u0438 \u043e\u0431\u0441\u043b\u0443\u0436\u0438\u0432\u0430\u043d\u0438\u0435. \u041f\u0440\u043e\u0434\u0430\u0436\u0430 \u041a\u043e\u043d\u0434\u0438\u0446\u0438\u043e\u043d\u0435\u0440\u043e\u0432. \u0414\u043e\u0432\u0435\u0440\u044c\u0442\u0435\u0441\u044c \u043f\u0440\u043e\u0444\u0435\u0441\u0441\u0438\u043e\u043d\u0430\u043b\u0430\u043c \u0431\u043e\u043b\u0435\u0435 5 \u043b\u0435\u0442 \u0432 \u044d\u0442\u043e\u0439 \u0441\u0444\u0435\u0440\u0435. \u042d\u0442\u043e \u043d\u0430\u0448 \u0442\u0435\u043b\u0435\u0444\u043e\u043d 87753512220",
    "created_date": "2020-05-13T07:09:47.577Z",
    "modified_date": "2020-05-13T07:09:47.577Z",
    "last_date": "2020-06-03T07:09:22Z",
    "contact": "8777 111 22 33, \u0443\u043b. \u041a\u043e\u043d\u0430\u0435\u0432\u0430 \u211616",
    "category": 4,
    "only": false,
    "elect_date": null
  }
},
{
  "model": "burnoe_app.service",
  "pk": 31,
  "fields": {
    "title": "\u0410\u0432\u0430\u0440\u0438\u0439\u043d\u043e\u0435 \u0432\u0441\u043a\u0440\u044b\u0442\u0438\u0435 \u0437\u0430\u043c\u043a\u043e\u0432",
    "content": "\u0410\u041a\u041a\u0423\u0420\u0410\u0422\u041d\u041e\u0415 \u043e\u0442\u043a\u0440\u044b\u0442\u0438\u0435 \u0437\u0430\u043c\u043a\u043e\u0432 \u0440\u0430\u0437\u043b\u0438\u0447\u043d\u043e\u0439 \u0441\u0442\u0435\u043f\u0435\u043d\u0438 \u0441\u043b\u043e\u0436\u043d\u043e\u0441\u0442\u0438 \u0432 \u042d\u041a\u0421\u0422\u0420\u0415\u041d\u041d\u041e\u041c \u0421\u041b\u0423\u0427\u0410\u0415 , \u0432 \u0441\u043b\u0443\u0447\u0430\u0435 \u043d\u0435\u043e\u0431\u0445\u043e\u0434\u0438\u043c\u043e\u0441\u0442\u0438 \u0434\u043e\u043f\u043e\u043b\u043d\u0438\u0442\u0435\u043b\u044c\u043d\u043e \u043e\u0441\u0443\u0449\u0435\u0441\u0442\u0432\u043b\u044f\u0435\u0442\u0441\u044f : \u0423\u0421\u0422\u0420\u0410\u041d\u0415\u041d\u0418\u0415 \u043f\u0440\u0438\u0447\u0438\u043d\u044b \u0438\u0437-\u0437\u0430 \u0447\u0435\u0433\u043e \u043d\u0435 \u043e\u0442\u043a\u0440\u044b\u0432\u0430\u043b\u0438\u0441\u044c \u0437\u0430\u043c\u043e\u043a \u0438\u043b\u0438 \u0434\u0432\u0435\u0440\u044c, \u0437\u0430\u043c\u0435\u043d\u0430 \u0437\u0430\u043c\u043a\u0430 \u0438 \u0441\u043a\u043e\u0431\u044f\u043d\u043d\u043e\u0439 \u0444\u0443\u0440\u043d\u0438\u0442\u0443\u0440\u044b, \u0443\u0441\u0442\u0430\u043d\u043e\u0432\u043a\u0430 \u043d\u043e\u0432\u043e\u0433\u043e \u0437\u0430\u043c\u043a\u0430, \u0440\u0435\u043c\u043e\u043d\u0442 \u0437\u0430\u043c\u043a\u043e\u0432, \u0430 \u0442\u0430\u043a\u0436\u0435 \u043b\u044e\u0431\u044b\u0435 \u043d\u0435\u043e\u0431\u0445\u043e\u0434\u0438\u043c\u044b\u0435 \u0432\u0438\u0434\u044b \u0440\u0430\u0431\u043e\u0442 \u0441\u0432\u044f\u0437\u0430\u043d\u043d\u044b\u0435 \u0441 \u0437\u0430\u043c\u043a\u0430\u043c\u0438. \u0417\u0410\u041f\u0418\u0428\u0418\u0422\u0415 \u0422\u0415\u041b\u0415\u0424\u041e\u041d \u043c\u043e\u0436\u0435\u0442 \u043f\u043e\u043d\u0430\u0434\u043e\u0431\u0438\u0442\u044c\u0441\u044f \u0438 \u0432\u0430\u043c, \u0438 \u0432\u0430\u0448\u0438\u043c \u0440\u043e\u0434\u043d\u044b\u043c, \u0431\u043b\u0438\u0437\u043a\u0438\u043c \u0432 \u0441\u0430\u043c\u044b\u0439 \u043d\u0443\u0436\u043d\u044b\u0439 \u043c\u043e\u043c\u0435\u043d\u0442 87713345792",
    "created_date": "2020-05-13T07:10:44.469Z",
    "modified_date": "2020-05-13T07:10:44.469Z",
    "last_date": "2020-06-03T07:09:50Z",
    "contact": "8 747 112 63 03, \u0411\u041c\u0423, \u0443\u043b. \u0418\u0433\u0438\u043b\u0438\u043a \u211614",
    "category": 3,
    "only": false,
    "elect_date": null
  }
},
{
  "model": "burnoe_app.service",
  "pk": 32,
  "fields": {
    "title": "\u0426\u0435\u043d\u0442\u0440 \u043c\u043e\u0439\u043a\u0438 \u043a\u043e\u0432\u0440\u043e\u0432 \u0410\u0434\u0430\u043b",
    "content": "\u0426\u0435\u043d\u0442\u0440 \u043c\u043e\u0439\u043a\u0438 \u043a\u043e\u0432\u0440\u043e\u0432 \u0410\u0434\u0430\u043b. \u0412\u044b\u0432\u043e\u0437 \u0438 \u0434\u043e\u0441\u0442\u0430\u0432\u043a\u0430 \u043f\u043e \u0433\u043e\u0440\u043e\u0434\u0443 \u0431\u0435\u0441\u043f\u043b\u0430\u0442\u043d\u043e. \u0412\u0441\u0435 \u043e\u0431\u043e\u0440\u0443\u0434\u043e\u0432\u0430\u043d\u0438\u0435 \u0442\u0443\u0440\u0435\u0446\u043a\u043e\u0433\u043e \u043f\u0440\u043e\u0438\u0437\u0432\u043e\u0434\u0441\u0442\u0432\u0430. \u041c\u043e\u0435\u043c \u0441\u043f\u0435\u0446\u0438\u0430\u043b\u044c\u043d\u044b\u043c \u0448\u0430\u043c\u043f\u0443\u043d\u0435\u043c \u042d\u0420\u0410 111. \u0421\u043f\u0435\u0446\u0438\u0430\u043b\u044c\u043d\u0430\u044f \u0443\u043f\u0430\u043a\u043e\u0432\u043a\u0430 \u0438 \u0441\u043f\u0435\u0446\u0438\u0430\u043b\u044c\u043d\u044b\u0439 \u0434\u0443\u0445\u0438 \u0434\u043b\u044f \u043a\u043e\u0432\u0440\u043e\u0432. \u041c\u044b \u0433\u0430\u0440\u0430\u043d\u0442\u0438\u0440\u0443\u0435\u043c \u0447\u0438\u0441\u0442\u043e\u0442\u0443 \u0432\u0430\u0448\u0438\u0445 \u043a\u043e\u0432\u0440\u043e\u0432. \u041c\u044b \u0440\u0430\u0431\u043e\u0442\u0430\u0435\u043c \u043d\u0430 \u043a\u0430\u0447\u0435\u0441\u0442\u0432\u0430. \u041a\u0432\u043c 350 \u0442\u0433. \u0422\u0435\u043b 87770477022.8 7770477033",
    "created_date": "2020-05-13T07:11:08.583Z",
    "modified_date": "2020-05-13T07:11:08.583Z",
    "last_date": "2020-06-03T07:10:47Z",
    "contact": "8747 112 6303, \u0443\u043b \u0411.\u0421\u0430\u0444\u0438\u043d\u043e\u0432",
    "category": 3,
    "only": false,
    "elect_date": null
  }
},
{
  "model": "burnoe_app.service",
  "pk": 33,
  "fields": {
    "title": "\u0412\u0441\u043a\u0440\u044b\u0442\u0438\u0435 \u0437\u0430\u043c\u043a\u043e\u0432 \u043a\u0440\u0443\u0433\u043b\u043e\u0441\u0443\u0442\u043e\u0447\u043d\u043e",
    "content": "\u0412\u0441\u043a\u0440\u044b\u0442\u0438\u0435 \u0430\u0432\u0442\u043e \u0431\u0435\u0437 \u043f\u043e\u0432\u0440\u0435\u0436\u0434\u0435\u043d\u0438\u0435 \u0432\u0441\u043a\u0440\u044b\u0442\u0438\u0435 \u0431\u043e\u0433\u0430\u0436\u043d\u0438\u043a\u0430, \u0431\u043e\u0440\u0434\u0430\u0447\u043a\u0430, \u043a\u0430\u043f\u043e\u0442\u0430.\r\n\r\n\u0412\u0441\u043a\u0440\u044b\u0442\u0438\u0435 \u0417\u0430\u043c\u043a\u043e\u0432\r\n\u041e\u043a\u0430\u0437\u0430\u043b\u0438\u0441\u044c \u0432 \u0442\u0440\u0443\u0434\u043d\u043e\u0439 \u0441\u0438\u0442\u0443\u0430\u0446\u0438\u0438, \u043d\u0435 \u043c\u043e\u0436\u0435\u0442\u0435 \u043f\u043e\u043f\u0430\u0441\u0442\u044c \u0430\u0432\u0442\u043e.\r\n\u041e\u0431\u0440\u0430\u0449\u0430\u0439\u0442\u0435\u0441\u044c \u043d\u0430\u0448\u0438 \u0443\u0441\u043b\u0443\u0433\u0435.\r\n\r\n\u0420\u0435\u0441\u0442\u0430\u0432\u0440\u0430\u0446\u0438\u044f. \u0420\u0435\u043c\u043e\u043d\u0442 \u0437\u0430\u043c\u043e\u043a \u0437\u0430\u0436\u0438\u0433\u0430\u043d\u0438\u044f, \u0430\u0432\u0442\u043e \u0437\u0430\u043c\u043a\u043e\u0432, \u0434\u0432\u0435\u0440\u043d\u044b\u0445, \u0431\u043e\u0433\u0430\u0436\u043d\u0438\u043a\u0430. \u0418\r\n+ \u0443\u0441\u0442\u0430\u043d\u043e\u0432\u043a\u0430\r\n\r\n\u0410\u0432\u0430\u0440\u0438\u043d\u043d\u043e\u0435 \u043e\u0442\u043a\u043b\u044e\u0447\u0435\u043d\u0438\u0435 \u0441\u0438\u0433\u043d\u0430\u043b\u0438\u0437\u0430\u0446\u0438\u0438.\r\n\r\n\u0412\u043e\u0441\u0442\u0430\u043d\u043e\u0432\u043b\u0435\u043d\u0438\u0435 \u0423\u0442\u0435\u0440\u044f\u043d\u043d\u044b\u0445 \u0430\u0432\u0442\u043e \u043a\u043b\u044e\u0447\u0435\u0439 \u043f\u043e \u0437\u0430\u043c\u043a\u0443.\r\n\r\n\u0421 \u0432\u044b\u0435\u0437\u0434\u043e\u043c \u0433. \u0410\u043b\u043c\u0430\u0442\u044b. \u0418 \u043e\u0431\u043b\u0430\u0441\u0442\u0438.",
    "created_date": "2020-05-13T07:11:49.425Z",
    "modified_date": "2020-05-13T07:11:49.425Z",
    "last_date": "2020-06-03T07:11:11Z",
    "contact": "8777 111 22 33, \u0443\u043b. \u041a\u043e\u043d\u0430\u0435\u0432\u0430 \u211616",
    "category": 3,
    "only": false,
    "elect_date": null
  }
},
{
  "model": "burnoe_app.service",
  "pk": 34,
  "fields": {
    "title": "\u0412\u0441\u0435 \u0432\u0438\u0434\u044b \u0443\u0441\u043b\u0443\u0433 \u043f\u043e \u043f\u043e\u0448\u0438\u0432\u0443",
    "content": "*\u0410\u0422\u0415\u041b\u042c\u0415 \u043f\u043e\u0434 \u0431\u0440\u0435\u043d\u0434\u043e\u043c \"JK\"*\r\n\u041f\u0440\u0435\u0434\u043e\u0441\u0442\u0430\u0432\u043b\u044f\u0435\u0442 \u0443\u0441\u043b\u0443\u0433\u0438 :\r\n\u0418\u043d\u0434\u0438\u0432\u0438\u0434\u0443\u0430\u043b\u044c\u043d\u044b\u0439 \u043f\u043e\u0448\u0438\u0432\r\n\u041d\u0430\u0446\u0438\u043e\u043d\u0430\u043b\u044c\u043d\u044b\u0439 \u0441\u0442\u0438\u043b\u044c\r\n\u041c\u0443\u0441\u0443\u043b\u044c\u043c\u0430\u043d\u0441\u043a\u0430\u044f \u043e\u0434\u0435\u0436\u0434\u0430\r\n\u0421\u0432\u0438\u0442\u0448\u043e\u0442\u044b, \u0444\u0430\u043c\u0438\u043b\u0438\u043b\u0443\u043a, \u0441\u043f\u043e\u0440\u0442\u0438\u0432\u043d\u0430\u044f \u043e\u0434\u0435\u0436\u0434\u0430 \u0438\u0437 \u0442\u0440\u0438\u043a\u0430\u0442\u0430\u0436\u0430\r\n\u041f\u043e\u0448\u0438\u0432 \u0434\u043e\u043c\u0430\u0448\u043d\u0435\u0433\u043e \u0442\u0435\u043a\u0441\u0442\u0438\u043b\u044f, \u043f\u0440\u0438\u0434\u0430\u043d\u043d\u043e\u0435 \u0434\u043b\u044f \u043d\u0435\u0432\u0435\u0441\u0442\u044b\r\n\u0421\u0443\u043d\u0434\u0443\u043a\u0438 \u0440\u0443\u0447\u043d\u043e\u0439 \u0440\u0430\u0431\u043e\u0442\u044b",
    "created_date": "2020-05-13T07:12:25.530Z",
    "modified_date": "2020-05-30T04:50:30.665Z",
    "last_date": "2020-06-03T07:11:52Z",
    "contact": "8 747 112 63 03, \u0411\u041c\u0423, \u0443\u043b. \u0418\u0433\u0438\u043b\u0438\u043a \u211614",
    "category": 3,
    "only": true,
    "elect_date": null
  }
},
{
  "model": "burnoe_app.service",
  "pk": 35,
  "fields": {
    "title": "\u0421\u0430\u043d\u0442\u0435\u0445\u043d\u0438\u043a, \u0427\u0438\u0441\u0442\u043a\u0430 \u043a\u0430\u043d\u0430\u043b\u0438\u0437\u0430\u0446\u0438\u044f",
    "content": "\u0417\u0410\u041c\u0415\u041d\u0410 \u0421\u0422\u041e\u042f\u041a\u041e\u0412 (\u0442\u0440\u0443\u0431) \u0445\u043e\u043b\u043e\u0434\u043d\u043e\u0439, \u0433\u043e\u0440\u044f\u0447\u0435\u0439 \u0412\u041e\u0414\u042b, \u041a\u0410\u041d\u0410\u041b\u0418\u0417\u0410\u0426\u0418\u0418 \u041f\u0420\u041e\u0427\u0418\u0421\u0422\u041a\u0410 \u041a\u0423\u0425\u041e\u041d\u041d\u041e\u0419 \u041a\u0410\u041d\u0410\u041b\u0418\u0417\u0410\u0426\u0418\u0418\r\n-\u0417\u0410\u041c\u0415\u041d\u0410 \u041e\u0422\u041e\u041f\u041b\u0415\u041d\u0418\u042f,\u0420\u0410\u0414\u0418\u0410\u0422\u041e\u0420\u041e\u0412 \u041e\u0422\u041e\u041f\u041b\u0415\u041d\u0418\u042f,\r\n- \u0423\u0441\u0442\u0430\u043d\u043e\u0432\u043a\u0430 \u0441\u0430\u043d\u0442\u0435\u0445\u043d\u0438\u043a\u0438:\r\n\u0441\u043c\u0435\u0441\u0438\u0442\u0435\u043b\u044f ,\u0441\u0438\u0444\u043e\u043d\u0430;\r\n\u0443\u043d\u0438\u0442\u0430\u0437\u0430, \u0441\u043b\u0438\u0432\u043d\u043e\u0433\u043e \u0431\u0430\u0447\u043a\u0430, \u0431\u0438\u0434\u0435;",
    "created_date": "2020-05-13T07:13:00.275Z",
    "modified_date": "2020-05-30T04:50:19.455Z",
    "last_date": "2020-06-03T07:12:30Z",
    "contact": "8 747 112 63 03, \u0411\u041c\u0423, \u0443\u043b. \u0418\u0433\u0438\u043b\u0438\u043a \u211614",
    "category": 3,
    "only": true,
    "elect_date": null
  }
},
{
  "model": "burnoe_app.service",
  "pk": 36,
  "fields": {
    "title": "\u0412\u044b\u0435\u0437\u0434\u043d\u0430\u044f \u0447\u0438\u0441\u0442\u043a\u0430 \u043a\u043e\u0432\u0440\u043e\u043b\u0438\u043d\u0430, \u043c\u0435\u0431\u0435\u043b\u0438",
    "content": "\u0413\u043b\u0443\u0431\u0438\u043d\u043d\u0430\u044f \u0445\u0438\u043c\u0447\u0438\u0441\u0442\u043a\u0430 \u043c\u044f\u0433\u043a\u043e\u0439 \u043c\u0435\u0431\u0435\u043b\u0438(\u0434\u0438\u0432\u0430\u043d\u044b, \u043a\u0440\u0435\u0441\u043b\u0430, \u0443\u0433\u043e\u043b\u043a\u0438, \u0441\u0442\u0443\u043b\u044c\u044f, \u043c\u0430\u0442\u0440\u0430\u0441\u044b, \u043f\u0443\u0444\u0438\u043a\u0438) \u0412 \u0441\u043e\u0431\u0440\u0430\u043d\u043d\u043e\u043c \u0432\u0438\u0434\u0435 \u0438 \u0432 \u0440\u0430\u0441\u043a\u043b\u0430\u0434\u043d\u043e\u043c. \u0425\u0438\u043c\u0447\u0438\u0441\u0442\u043a\u0430 \u043a\u043e\u0432\u0440\u043e\u0432\u044b\u0445 \u043f\u043e\u043a\u0440\u044b\u0442\u0438\u0439 (\u043a\u043e\u0432\u0440\u043e\u043b\u0438\u043d, \u043a\u043e\u0432\u0440\u044b, \u0438\u0441\u043a\u0443\u0441\u0441\u0442\u0432\u0435\u043d\u043d\u044b\u0439 \u0433\u0430\u0437\u043e\u043d) \u0427\u0438\u0441\u0442\u043a\u0430 \u0432\u0451\u0440\u0434\u044b\u0445 \u043f\u043e\u0432\u0435\u0440\u0445\u043d\u043e\u0441\u0442\u0435\u0439.",
    "created_date": "2020-05-13T07:13:39.187Z",
    "modified_date": "2020-05-30T05:20:05.080Z",
    "last_date": "2020-06-03T07:13:05Z",
    "contact": "8747 112 6303, \u0443\u043b \u0411.\u0421\u0430\u0444\u0438\u043d\u043e\u0432",
    "category": 3,
    "only": false,
    "elect_date": null
  }
},
{
  "model": "burnoe_app.servicephoto",
  "pk": 1,
  "fields": {
    "image": "image/upload/v1588917179/okwx3g8fzribksbx2cch.jpg",
    "service": 1
  }
},
{
  "model": "burnoe_app.servicephoto",
  "pk": 2,
  "fields": {
    "image": "image/upload/v1588917181/p2oqbgrzuwxkotllz4vo.jpg",
    "service": 1
  }
},
{
  "model": "burnoe_app.servicephoto",
  "pk": 3,
  "fields": {
    "image": "image/upload/v1588917216/yadjkggxaehg2xssi43g.jpg",
    "service": 2
  }
},
{
  "model": "burnoe_app.servicephoto",
  "pk": 4,
  "fields": {
    "image": "image/upload/v1588917218/sxinsdsa5x89fix3lzfn.jpg",
    "service": 2
  }
},
{
  "model": "burnoe_app.servicephoto",
  "pk": 5,
  "fields": {
    "image": "image/upload/v1588917220/jp9jtak1eyosbyzbpvv2.jpg",
    "service": 2
  }
},
{
  "model": "burnoe_app.servicephoto",
  "pk": 6,
  "fields": {
    "image": "image/upload/v1588917280/yg6fqcsflmsmzjozcz56.jpg",
    "service": 3
  }
},
{
  "model": "burnoe_app.servicephoto",
  "pk": 7,
  "fields": {
    "image": "image/upload/v1588917282/mj7hy9ey4fbkqc6kcxu6.jpg",
    "service": 3
  }
},
{
  "model": "burnoe_app.servicephoto",
  "pk": 8,
  "fields": {
    "image": "image/upload/v1588917283/v3daks2vli52jhlga69q.jpg",
    "service": 3
  }
},
{
  "model": "burnoe_app.servicephoto",
  "pk": 9,
  "fields": {
    "image": "image/upload/v1588917315/golksmh9lia4dhykgmwe.jpg",
    "service": 4
  }
},
{
  "model": "burnoe_app.servicephoto",
  "pk": 10,
  "fields": {
    "image": "image/upload/v1588917319/vbsvyiduschsfjcib93o.jpg",
    "service": 4
  }
},
{
  "model": "burnoe_app.servicephoto",
  "pk": 11,
  "fields": {
    "image": "image/upload/v1588917320/iv4nfyexjqpp3tp9zfxr.jpg",
    "service": 4
  }
},
{
  "model": "burnoe_app.servicephoto",
  "pk": 12,
  "fields": {
    "image": "image/upload/v1588917352/wl1k8zrzfsvortx6unax.jpg",
    "service": 5
  }
},
{
  "model": "burnoe_app.servicephoto",
  "pk": 13,
  "fields": {
    "image": "image/upload/v1588917353/ewvtjkwgazscouxyr03x.jpg",
    "service": 5
  }
},
{
  "model": "burnoe_app.servicephoto",
  "pk": 14,
  "fields": {
    "image": "image/upload/v1588917354/gy8souojotm7bsl3xrw7.jpg",
    "service": 5
  }
},
{
  "model": "burnoe_app.servicephoto",
  "pk": 15,
  "fields": {
    "image": "image/upload/v1588917387/t6eegh3mw7apfatvrpna.jpg",
    "service": 6
  }
},
{
  "model": "burnoe_app.servicephoto",
  "pk": 16,
  "fields": {
    "image": "image/upload/v1588917388/v27wnjaqev7obgwndbfr.jpg",
    "service": 6
  }
},
{
  "model": "burnoe_app.servicephoto",
  "pk": 17,
  "fields": {
    "image": "image/upload/v1588917390/qnqhmx3dvtdb1ls7qch5.jpg",
    "service": 6
  }
},
{
  "model": "burnoe_app.servicephoto",
  "pk": 18,
  "fields": {
    "image": "image/upload/v1588917430/kvx8q39ymngepnwykeqk.jpg",
    "service": 7
  }
},
{
  "model": "burnoe_app.servicephoto",
  "pk": 19,
  "fields": {
    "image": "image/upload/v1588917435/cigjapcnudfiuw92883j.jpg",
    "service": 7
  }
},
{
  "model": "burnoe_app.servicephoto",
  "pk": 20,
  "fields": {
    "image": "image/upload/v1588917436/ux6cvunqo1t2xporu68p.jpg",
    "service": 7
  }
},
{
  "model": "burnoe_app.servicephoto",
  "pk": 21,
  "fields": {
    "image": "image/upload/v1588917477/s0vrtklezruybpvsveze.jpg",
    "service": 8
  }
},
{
  "model": "burnoe_app.servicephoto",
  "pk": 22,
  "fields": {
    "image": "image/upload/v1588917478/zmkgnokafdb7yb5kqi4v.jpg",
    "service": 8
  }
},
{
  "model": "burnoe_app.servicephoto",
  "pk": 23,
  "fields": {
    "image": "image/upload/v1588917481/rzldcbreguyigbfgufuo.jpg",
    "service": 8
  }
},
{
  "model": "burnoe_app.servicephoto",
  "pk": 24,
  "fields": {
    "image": "image/upload/v1588917518/tjycq9ryuuzmyxl1l9le.jpg",
    "service": 10
  }
},
{
  "model": "burnoe_app.servicephoto",
  "pk": 25,
  "fields": {
    "image": "image/upload/v1588917531/hk1i6mrqgpqxaaedsnis.jpg",
    "service": 11
  }
},
{
  "model": "burnoe_app.servicephoto",
  "pk": 26,
  "fields": {
    "image": "image/upload/v1588917660/gzu8wcgonhupfp4affbr.jpg",
    "service": 12
  }
},
{
  "model": "burnoe_app.servicephoto",
  "pk": 27,
  "fields": {
    "image": "image/upload/v1588917661/lyugyf8ciwpoiwyjj0zg.jpg",
    "service": 12
  }
},
{
  "model": "burnoe_app.servicephoto",
  "pk": 28,
  "fields": {
    "image": "image/upload/v1588917691/qbimbuvuvpnwjx4gssek.jpg",
    "service": 13
  }
},
{
  "model": "burnoe_app.servicephoto",
  "pk": 29,
  "fields": {
    "image": "image/upload/v1588917692/sushope6axgil3kkzrap.jpg",
    "service": 13
  }
},
{
  "model": "burnoe_app.servicephoto",
  "pk": 30,
  "fields": {
    "image": "image/upload/v1588917714/uh2dijotbwlfeoejgl4b.jpg",
    "service": 14
  }
},
{
  "model": "burnoe_app.servicephoto",
  "pk": 31,
  "fields": {
    "image": "image/upload/v1588917762/igpkmxi9kgbbeykghnqe.jpg",
    "service": 15
  }
},
{
  "model": "burnoe_app.servicephoto",
  "pk": 32,
  "fields": {
    "image": "image/upload/v1588917764/ldcgflrqdwj70kiiuuye.jpg",
    "service": 15
  }
},
{
  "model": "burnoe_app.servicephoto",
  "pk": 33,
  "fields": {
    "image": "image/upload/v1588917766/ymm08mszi9plya5ouczz.jpg",
    "service": 15
  }
},
{
  "model": "burnoe_app.servicephoto",
  "pk": 34,
  "fields": {
    "image": "image/upload/v1588917799/fpyd4sbjzgd8e6zjtvkk.jpg",
    "service": 16
  }
},
{
  "model": "burnoe_app.servicephoto",
  "pk": 35,
  "fields": {
    "image": "image/upload/v1588917801/uckb5togv3skkpivf1if.jpg",
    "service": 16
  }
},
{
  "model": "burnoe_app.servicephoto",
  "pk": 36,
  "fields": {
    "image": "image/upload/v1588917802/f4pzmlis9xygxrxcyr7q.jpg",
    "service": 16
  }
},
{
  "model": "burnoe_app.servicephoto",
  "pk": 37,
  "fields": {
    "image": "image/upload/v1588917843/u8dqnnxkka2aeoehjriz.jpg",
    "service": 17
  }
},
{
  "model": "burnoe_app.servicephoto",
  "pk": 38,
  "fields": {
    "image": "image/upload/v1588917844/kjncwiyyoxm97hphvvoy.jpg",
    "service": 17
  }
},
{
  "model": "burnoe_app.servicephoto",
  "pk": 39,
  "fields": {
    "image": "image/upload/v1588917845/j7lgioinj6iredhd1wfz.jpg",
    "service": 17
  }
},
{
  "model": "burnoe_app.servicephoto",
  "pk": 40,
  "fields": {
    "image": "image/upload/v1589353222/gtkdifdn3u4gerltcepn.jpg",
    "service": 19
  }
},
{
  "model": "burnoe_app.servicephoto",
  "pk": 41,
  "fields": {
    "image": "image/upload/v1589353224/r8lbhfwiwjqmrmywrdpx.jpg",
    "service": 19
  }
},
{
  "model": "burnoe_app.servicephoto",
  "pk": 42,
  "fields": {
    "image": "image/upload/v1589353251/wcgky7t4ghebdl0tg4au.jpg",
    "service": 20
  }
},
{
  "model": "burnoe_app.servicephoto",
  "pk": 43,
  "fields": {
    "image": "image/upload/v1589353262/kwjl1wrqjw6yhb6djfis.jpg",
    "service": 20
  }
},
{
  "model": "burnoe_app.servicephoto",
  "pk": 44,
  "fields": {
    "image": "image/upload/v1589353293/ncraconba0fypferz39o.jpg",
    "service": 21
  }
},
{
  "model": "burnoe_app.servicephoto",
  "pk": 45,
  "fields": {
    "image": "image/upload/v1589353295/ib9wkoiiq6z3cltrspon.jpg",
    "service": 21
  }
},
{
  "model": "burnoe_app.servicephoto",
  "pk": 46,
  "fields": {
    "image": "image/upload/v1589353477/njl1buygvnbgphd3qsjb.jpg",
    "service": 22
  }
},
{
  "model": "burnoe_app.servicephoto",
  "pk": 47,
  "fields": {
    "image": "image/upload/v1589353479/mbyqjmeu9pomys2mjyia.jpg",
    "service": 22
  }
},
{
  "model": "burnoe_app.servicephoto",
  "pk": 48,
  "fields": {
    "image": "image/upload/v1589353502/kty2yhfwwb9yswvcrvyo.jpg",
    "service": 23
  }
},
{
  "model": "burnoe_app.servicephoto",
  "pk": 49,
  "fields": {
    "image": "image/upload/v1589353503/oyfykqz9pscf1fpbqf8w.jpg",
    "service": 23
  }
},
{
  "model": "burnoe_app.servicephoto",
  "pk": 50,
  "fields": {
    "image": "image/upload/v1589353540/uqvckgzffnap2quwacga.jpg",
    "service": 24
  }
},
{
  "model": "burnoe_app.servicephoto",
  "pk": 51,
  "fields": {
    "image": "image/upload/v1589353542/alk63xdu5mdgjlh46fwv.jpg",
    "service": 24
  }
},
{
  "model": "burnoe_app.servicephoto",
  "pk": 52,
  "fields": {
    "image": "image/upload/v1589353543/uukq1zzpo1jntyclcwov.jpg",
    "service": 24
  }
},
{
  "model": "burnoe_app.servicephoto",
  "pk": 53,
  "fields": {
    "image": "image/upload/v1589353639/w6cictppxoqqpvovto6c.jpg",
    "service": 26
  }
},
{
  "model": "burnoe_app.servicephoto",
  "pk": 54,
  "fields": {
    "image": "image/upload/v1589353641/wf44e4mdsnuglbwcazvk.jpg",
    "service": 26
  }
},
{
  "model": "burnoe_app.servicephoto",
  "pk": 55,
  "fields": {
    "image": "image/upload/v1589353642/fjth8daozfg150obkncv.jpg",
    "service": 26
  }
},
{
  "model": "burnoe_app.servicephoto",
  "pk": 56,
  "fields": {
    "image": "image/upload/v1589353665/kybibpptlaskxc5m0fqa.jpg",
    "service": 27
  }
},
{
  "model": "burnoe_app.servicephoto",
  "pk": 57,
  "fields": {
    "image": "image/upload/v1589353696/xkxk9gwhiuztls5c1wf7.jpg",
    "service": 28
  }
},
{
  "model": "burnoe_app.servicephoto",
  "pk": 58,
  "fields": {
    "image": "image/upload/v1589353698/ec4zjjzedtxplsfcp8fm.jpg",
    "service": 28
  }
},
{
  "model": "burnoe_app.servicephoto",
  "pk": 59,
  "fields": {
    "image": "image/upload/v1589353699/hm8cmxtchk7txuv15x8x.jpg",
    "service": 28
  }
},
{
  "model": "burnoe_app.servicephoto",
  "pk": 60,
  "fields": {
    "image": "image/upload/v1589353788/hq9dv5evao5i1ubrjkr2.jpg",
    "service": 30
  }
},
{
  "model": "burnoe_app.servicephoto",
  "pk": 61,
  "fields": {
    "image": "image/upload/v1589353789/jwerwecr9j6ijwd8doae.jpg",
    "service": 30
  }
},
{
  "model": "burnoe_app.servicephoto",
  "pk": 62,
  "fields": {
    "image": "image/upload/v1589353845/prneimaftgniwpxaejdc.jpg",
    "service": 31
  }
},
{
  "model": "burnoe_app.servicephoto",
  "pk": 63,
  "fields": {
    "image": "image/upload/v1589353846/ch1qyn3nezr0ysytig7i.jpg",
    "service": 31
  }
},
{
  "model": "burnoe_app.servicephoto",
  "pk": 64,
  "fields": {
    "image": "image/upload/v1589353869/mroij9f9upgxhbmmjnso.jpg",
    "service": 32
  }
},
{
  "model": "burnoe_app.servicephoto",
  "pk": 65,
  "fields": {
    "image": "image/upload/v1589353870/kb0dqx5edwvgvdhlrjqf.jpg",
    "service": 32
  }
},
{
  "model": "burnoe_app.servicephoto",
  "pk": 66,
  "fields": {
    "image": "image/upload/v1589353910/sebwzbx4bm4wjhegj9bl.jpg",
    "service": 33
  }
},
{
  "model": "burnoe_app.servicephoto",
  "pk": 67,
  "fields": {
    "image": "image/upload/v1589353911/zaf2emkhu5h5akswdo4a.jpg",
    "service": 33
  }
},
{
  "model": "burnoe_app.servicephoto",
  "pk": 68,
  "fields": {
    "image": "image/upload/v1589353946/wbtxeudm3yshzzorrwln.jpg",
    "service": 34
  }
},
{
  "model": "burnoe_app.servicephoto",
  "pk": 69,
  "fields": {
    "image": "image/upload/v1589353947/v6m4hmqliokpiouhtqid.jpg",
    "service": 34
  }
},
{
  "model": "burnoe_app.servicephoto",
  "pk": 70,
  "fields": {
    "image": "image/upload/v1589353948/bniujk1qn9syqgwyvf84.jpg",
    "service": 34
  }
},
{
  "model": "burnoe_app.servicephoto",
  "pk": 71,
  "fields": {
    "image": "image/upload/v1589353949/tfy792tf9z86uw23ild6.jpg",
    "service": 34
  }
},
{
  "model": "burnoe_app.servicephoto",
  "pk": 72,
  "fields": {
    "image": "image/upload/v1589353980/oia2ivlq9hodbinyezc6.jpg",
    "service": 35
  }
},
{
  "model": "burnoe_app.servicephoto",
  "pk": 73,
  "fields": {
    "image": "image/upload/v1589353982/gdcpk8zpsxdcxblcjzpd.jpg",
    "service": 35
  }
},
{
  "model": "burnoe_app.servicephoto",
  "pk": 74,
  "fields": {
    "image": "image/upload/v1589353984/odhtko4d5sqvjc1cpg0c.jpg",
    "service": 35
  }
},
{
  "model": "burnoe_app.servicephoto",
  "pk": 75,
  "fields": {
    "image": "image/upload/v1589354019/i5lb68mlnmvoucpveivz.jpg",
    "service": 36
  }
},
{
  "model": "burnoe_app.servicephoto",
  "pk": 76,
  "fields": {
    "image": "image/upload/v1589354021/pmhgyr0xxmfpynylupxz.jpg",
    "service": 36
  }
},
{
  "model": "burnoe_app.servicephoto",
  "pk": 77,
  "fields": {
    "image": "image/upload/v1589354023/o4n89kd54o4mxomkkp8e.jpg",
    "service": 36
  }
}
]
